CustomerID,FirstName,LastName,DateOfBirth,Gender,Email,Phone,City,State,Country,JoinDate,LastPurchaseDate,TotalPurchases,TotalSpent,CustomerSegment,IsActive
N0001,Ishwar,Thakur,11/13/1975,Female,ishwar.thakur@gmail.com,9634702726,Chennai,Tamil Nadu,India,11/19/2023,9/11/2025,12,5597.04,Regular,0
N0002,Darsh,Walla,7/1/1961,Female,darsh.walla@gmail.com,6164571433,Bangalore,Karnataka,India,7/2/2021,3/18/2026,22,94223.97,VIP,0
N0003,Rachana,Om,9/11/1975,Female,rachana.om@gmail.com,8942628945,Pune,Maharashtra,India,8/29/2022,6/14/2026,6,90972.18,VIP,1
N0004,Aarnav,Kala,11/17/1973,Male,aarnav.kala@gmail.com,8265046871,Madurai,Tamil Nadu,India,9/22/2021,3/26/2026,2,2704.3,New,1
N0005,Andrew,Pradhan,1/22/1978,Female,andrew.pradhan@gmail.com,7019856032,Mumbai,Maharashtra,India,9/1/2024,7/19/2025,17,44426.74,VIP,1
N0006,Yahvi,Ram,11/11/1972,Female,yahvi.ram@gmail.com,6837384462,Delhi,Delhi,India,10/28/2022,4/16/2026,22,43492.92,VIP,0
N0007,Charles,Anne,8/10/1962,Female,charles.anne@gmail.com,7583273124,Kolkata,West Bengal,India,1/21/2024,2/21/2026,12,2459.46,New,0
N0008,Devika,Lad,7/25/1971,Male,devika.lad@gmail.com,9284777776,Pune,Maharashtra,India,8/5/2023,2/18/2026,47,77937.36,VIP,1
N0009,Vrinda,Gulati,2/10/1974,Female,vrinda.gulati@gmail.com,9670700223,Mumbai,Maharashtra,India,1/7/2022,10/1/2025,22,115799.03,VIP,1
N0010,Yagnesh,Kakar,12/31/1991,Male,yagnesh.kakar@gmail.com,7523157211,Pune,Maharashtra,India,5/5/2022,4/25/2026,36,95280.66,VIP,0
N0011,Dipta,Murthy,7/22/1973,Male,dipta.murthy@gmail.com,7558575746,Hyderabad,Telangana,India,5/9/2024,8/2/2025,38,38765.63,Premium,1
N0012,Yug,Wadhwa,8/24/1961,Female,yug.wadhwa@gmail.com,9426004704,Madurai,Tamil Nadu,India,1/14/2022,12/17/2025,8,91643.83,VIP,1
N0013,Chanchal,Thakkar,7/28/1965,Female,chanchal.thakkar@gmail.com,7894130186,Delhi,Delhi,India,3/10/2024,1/5/2026,11,62574.97,VIP,0
N0014,Jagvi,Tara,5/2/1996,Male,jagvi.tara@gmail.com,7726189075,Bangalore,Karnataka,India,11/30/2024,8/20/2025,42,4209.67,Regular,0
N0015,Bishakha,Divan,6/30/1997,Male,bishakha.divan@gmail.com,7162093985,Delhi,Delhi,India,6/17/2021,8/13/2025,22,46525.08,VIP,1
N0016,Faraj,Pal,6/3/1977,Male,faraj.pal@gmail.com,9178428731,Pune,Maharashtra,India,11/22/2024,11/21/2025,23,113009.4,VIP,0
N0017,Abeer,Mannan,6/4/2000,Male,abeer.mannan@gmail.com,8213649455,Madurai,Tamil Nadu,India,1/20/2025,5/6/2026,37,20908.91,Premium,0
N0018,Odika,Deshmukh,7/27/1980,Female,odika.deshmukh@gmail.com,7446204533,Mumbai,Maharashtra,India,1/1/2024,2/23/2026,29,118765.18,VIP,0
N0019,Dipta,Mane,8/10/1963,Male,dipta.mane@gmail.com,9081930449,Kolkata,West Bengal,India,11/25/2021,6/21/2025,19,89501.45,VIP,0
N0020,Xalak,Dayal,1/30/1970,Male,xalak.dayal@gmail.com,7637530550,Kolkata,West Bengal,India,8/6/2021,9/16/2025,8,109971.53,VIP,1
N0021,Widisha,Mital,10/19/1991,Male,widisha.mital@gmail.com,7631300734,Kolkata,West Bengal,India,11/7/2021,5/2/2026,33,38141.6,Premium,0
N0022,Lipika,Kohli,7/31/1971,Female,lipika.kohli@gmail.com,6140180220,Coimbatore,Tamil Nadu,India,8/17/2021,11/21/2025,2,115689.07,VIP,0
N0023,Radhika,Agate,12/31/1965,Male,radhika.agate@gmail.com,7048413700,Delhi,Delhi,India,2/28/2024,9/10/2025,46,30812.37,Premium,1
N0024,Yuvraj,Lall,2/13/1980,Male,yuvraj.lall@gmail.com,6739039551,Mumbai,Maharashtra,India,8/28/2022,12/4/2025,19,81432.74,VIP,0
N0025,Manya,Bhakta,8/28/1987,Female,manya.bhakta@gmail.com,7414854052,Bangalore,Karnataka,India,4/29/2025,7/24/2025,16,73147.38,VIP,0
N0026,Hitesh,Prakash,9/20/1968,Male,hitesh.prakash@gmail.com,6797264639,Mumbai,Maharashtra,India,11/4/2023,11/21/2025,28,115857.68,VIP,0
N0027,Daksh,Viswanathan,2/23/1962,Male,daksh.viswanathan@gmail.com,9355534988,Madurai,Tamil Nadu,India,2/22/2024,1/12/2026,32,93934.05,VIP,1
N0028,Manan,Sarkar,9/19/1975,Male,manan.sarkar@gmail.com,9652609811,Kolkata,West Bengal,India,10/5/2024,5/6/2026,9,114825.84,VIP,0
N0029,Balhaar,Kota,10/11/1997,Male,balhaar.kota@gmail.com,8762979743,Chennai,Tamil Nadu,India,12/22/2023,5/17/2026,42,106491.83,VIP,1
N0030,Isaac,Kadakia,1/12/1981,Male,isaac.kadakia@gmail.com,8172636017,Coimbatore,Tamil Nadu,India,12/18/2022,8/12/2025,41,89688.1,VIP,1
N0031,Gopal,Parmar,12/23/1976,Female,gopal.parmar@gmail.com,9597849605,Delhi,Delhi,India,1/24/2025,12/21/2025,36,18069.72,Premium,1
N0032,Bhavya,Kapoor,9/20/1967,Female,bhavya.kapoor@gmail.com,9000000031,Bangalore,Karnataka,India,8/27/2021,2/14/2026,33,18401.84,Premium,0
N0033,Upma,Batta,3/14/2008,Male,upma.batta@gmail.com,7499005630,Coimbatore,Tamil Nadu,India,9/5/2021,6/18/2025,37,25609.46,Premium,0
N0034,Harini,Chandra,5/29/1988,Female,harini.chandra@gmail.com,8831360226,Chennai,Tamil Nadu,India,8/28/2021,11/4/2025,32,105902.69,VIP,1
N0035,Jatin,Batta,8/20/1994,Male,jatin.batta@gmail.com,6045719374,Coimbatore,Tamil Nadu,India,7/31/2021,10/13/2025,35,64299.27,VIP,0
N0036,Yash,Dhingra,12/14/1977,Female,yash.dhingra@gmail.com,9100569760,Bangalore,Karnataka,India,11/19/2023,11/14/2025,31,6425.59,Regular,0
N0037,Reyansh,Bail,2/18/1981,Female,reyansh.bail@gmail.com,9920986285,Madurai,Tamil Nadu,India,5/11/2024,11/16/2025,20,52321.49,VIP,1
N0038,Karan,Khurana,7/19/1999,Male,karan.khurana@gmail.com,8427269626,Delhi,Karnataka,India,12/23/2021,2/9/2026,43,5934.6,Regular,1
N0039,Yug,Shroff,1/29/2003,Female,yug.shroff@gmail.com,6525905999,Mumbai,Maharashtra,India,1/25/2024,1/17/2026,15,42668.17,Premium,0
N0040,Advika,Biswas,7/31/1997,Male,advika.biswas@gmail.com,6549599816,Hyderabad,Telangana,India,6/17/2023,11/16/2025,46,59313.56,Premium,0
N0041,Waida,Upadhyay,4/14/1986,Male,waida.upadhyay@gmail.com,7890342884,Delhi,Delhi,India,5/17/2024,9/29/2025,4,107580.63,VIP,0
N0042,Watika,Kapur,3/20/1995,Female,watika.kapur@gmail.com,6170095904,Coimbatore,Tamil Nadu,India,5/11/2022,11/4/2025,20,53740.39,VIP,1
N0043,Gauri,Bhasin,12/16/1964,Female,gauri.bhasin43@example.com,8243661978,Kolkata,West Bengal,India,12/11/2023,1/17/2026,21,31660.34,Premium,0
N0044,Wahab,Yogi,12/2/1962,Male,wahab.yogi44@example.com,6317545634,Chennai,Tamil Nadu,India,11/10/2021,6/21/2025,16,8877.18,Regular,1
N0045,Geetika,Dhillon,1/4/1982,Female,geetika.dhillon@gmail.com,12345,Hyderabad,Telangana,India,1/20/2023,12/1/2025,28,108166.33,VIP,1
N0046,Dhruv,Mallick,3/18/1972,Male,dhruv.mallick@gmail.com,9000000045,Kolkata,West Bengal,India,1/4/2025,4/26/2026,23,59313.56,Premium,1
N0047,Pranav,Date,11/9/1965,Female,pranav.date47@example.com,7737111569,Madurai,Tamil Nadu,India,7/8/2022,6/4/2026,42,1630.48,New,1
N0048,Charles,Nayak,5/23/2007,Female,charles.nayak@gmail.com,8698609929,Kolkata,West Bengal,India,5/10/2024,6/11/2026,37,95969.38,VIP,1
N0049,Pahal,Magar,1/29/1984,Male,pahal.magar@gmail.com,6884374865,Chennai,Tamil Nadu,India,10/28/2022,11/9/2025,46,31202.61,Premium,1
N0050,Mahika,Nair,4/21/1988,Male,mahika.nair@gmail.com,8442441431,Coimbatore,Tamil Nadu,India,4/26/2024,7/24/2025,45,67701.01,VIP,1
N0051,Anmol,Borra,9/24/1975,Female,anmol.borra@gmail.com,9963843372,Madurai,Tamil Nadu,India,6/16/2022,4/30/2026,18,29983.36,Premium,0
N0052,Shivansh,Nagarajan,7/23/1967,Female,shivansh.nagarajan@gmail.com,7226920891,Mumbai,Maharashtra,India,5/24/2023,5/14/2026,11,31172.24,Premium,0
N0053,Owen,Madan,4/3/1985,Female,owen.madan@gmail.com,12345,Mumbai,Maharashtra,India,5/10/2024,3/29/2026,25,119114.02,VIP,1
N0054,Atharv,Singh,3/14/1998,Female,atharv.singh@gmail.com,9757155251,Coimbatore,Tamil Nadu,India,12/19/2021,8/11/2025,22,99367.84,VIP,1
N0055,Reyansh,Wadhwa,8/28/1984,Male,reyansh.wadhwa@gmail.com,8114457695,Coimbatore,Tamil Nadu,India,5/12/2024,5/7/2026,22,114314.67,VIP,1
N0056,Kashvi,Kapoor,5/21/1991,Female,kashvi.kapoor@gmail.com,8028220757,Chennai,Tamil Nadu,India,11/17/2022,5/29/2026,12,18340.27,Premium,1
N0057,Vyanjana,Badal,5/5/1982,Male,vyanjana.badal@gmail.com,8412651999,Chennai,Tamil Nadu,India,7/27/2022,11/22/2025,5,100967,VIP,0
N0058,Banjeet,Yogi,7/26/1977,Male,banjeet.yogi@gmail.com,9471001186,Pune,Maharashtra,India,9/10/2024,6/20/2025,43,108858.32,VIP,1
N0059,Rehaan,Palan,8/20/1983,Female,rehaan.palan@gmail.com,6513898129,Mumbai,Maharashtra,India,4/7/2025,1/3/2026,18,59788.44,VIP,1
N0060,Ekta,Nagarajan,2/12/1967,Female,ekta.nagarajan@gmail.com,9962818876,Hyderabad,Telangana,India,1/12/2023,10/2/2025,22,66033.1,VIP,0
N0061,Ekiya,Bansal,7/12/1967,Female,ekiya.bansal@gmail.com,7285673984,Hyderabad,Telangana,India,12/29/2024,1/2/2026,2,20745.89,Premium,0
N0062,Jeet,Kala,11/28/1978,Female,jeet.kala@gmail.com,8059149729,Coimbatore,Tamil Nadu,India,7/8/2024,10/17/2025,23,73354.26,VIP,0
N0063,Qabil,Shankar,11/8/1980,Male,qabil.shankar@gmail.com,8679307906,Hyderabad,Telangana,India,9/24/2023,10/24/2023,22,20388.34,Premium,0
N0064,Nathan,Sampath,11/9/1975,Female,nathan.sampath@gmail.com,6356014396,Hyderabad,Telangana,India,12/31/2022,9/27/2025,7,109935.08,VIP,1
N0065,Nihal,Krishna,3/17/2004,Male,nihal.krishna@gmail.com,9370171196,Bangalore,Karnataka,India,6/14/2025,6/18/2025,45,92042.2,VIP,0
N0066,Megha,Kumar,2/19/1988,Male,megha.kumar@gmail.com,7649068195,Hyderabad,Telangana,India,3/27/2023,9/1/2025,2,14175.05,Premium,0
N0067,Idika,Kakar,7/24/1963,Female,idika.kakar@gmail.com,6457274475,Mumbai,Maharashtra,India,11/22/2024,10/20/2025,14,109264.65,VIP,1
N0068,Janya,Sami,12/11/2007,Female,janya.sami@gmail.com,7591396761,Bangalore,Karnataka,India,1/10/2025,5/11/2026,42,61388.99,VIP,1
N0069,Niharika,Basu,9/7/1997,Male,niharika.basu@gmail.com,7482139003,Coimbatore,Tamil Nadu,India,2/9/2023,3/3/2026,35,2932.41,New,1
N0070,Keya,Sathe,10/8/1983,Female,keya.sathe@gmail.com,7954333227,Delhi,Delhi,India,1/29/2022,2/3/2026,31,56277.34,VIP,0
N0071,Faris,Mandal,6/12/1967,Male,faris.mandal@gmail.com,9028583142,Kolkata,West Bengal,India,7/12/2021,2/5/2026,41,18658.66,Premium,1
N0072,Geetika,Dhingra,1/18/2007,Female,geetika.dhingra@gmail.com,9814385209,Pune,Maharashtra,India,3/11/2025,3/27/2026,29,17908.21,Premium,1
N0073,Tejas,Iyer,11/2/1985,Female,tejas.iyer@gmail.com,9727829347,Chennai,Tamil Nadu,India,3/24/2025,7/30/2025,41,94367.07,VIP,0
N0074,Hemal,Nadkarni,10/22/1962,Male,hemal.nadkarni@gmail.com,7983441308,Delhi,Delhi,India,12/11/2021,2/2/2026,46,91010.68,VIP,0
N0075,Vansha,Nanda,4/23/1986,Male,vansha.nanda@gmail.com,8809829122,Delhi,Delhi,India,9/3/2021,6/19/2025,14,73471.92,VIP,0
N0076,Kabir,Chopra,3/24/1985,Female,kabir.chopra@gmail.com,9235236598,Hyderabad,Telangana,India,3/31/2025,8/6/2025,41,65368.27,VIP,0
N0077,Robert,Arora,5/20/1962,Female,robert.arora@gmail.com,6796544491,Pune,Maharashtra,India,4/26/2025,7/9/2025,2,39985.19,Premium,0
N0078,Hemani,Sinha,2/2/1991,Female,hemani.sinha@gmail.com,9602639826,Coimbatore,Tamil Nadu,India,10/9/2023,6/2/2026,2,44292.81,VIP,0
N0079,Chandani,Subramanian,12/20/2006,Male,chandani.subramanian@gmail.com,8283637715,Bangalore,Karnataka,India,3/28/2024,6/29/2025,4,25949.68,Premium,1
N0080,Veer,Pandit,10/1/1977,Male,veer.pandit@gmail.com,9395297809,Kolkata,West Bengal,India,3/28/2025,6/11/2026,5,27629.65,Premium,1
N0081,Onkar,Atwal,11/13/1964,Male,onkar.atwal@gmail.com,12345,Chennai,Tamil Nadu,India,8/16/2021,2/14/2026,38,64311.76,VIP,1
N0082,Jeet,Bala,12/22/1971,Female,jeet.bala@gmail.com,8717755378,Mumbai,Maharashtra,India,12/9/2024,4/17/2026,25,14392.36,Premium,1
N0083,Hemani,Mishra,9/27/1994,Female,hemani.mishra@gmail.com,9000000082,Madurai,Tamil Nadu,India,8/28/2023,11/20/2025,37,109513.51,VIP,1
N0084,Orinder,Sankar,5/22/1992,Male,orinder.sankar@gmail.com,7051912384,Chennai,Tamil Nadu,India,11/12/2024,8/19/2025,12,10345.43,Regular,1
N0085,Wyatt,Issac,10/17/1986,Male,wyatt.issac@gmail.com,8061261788,Hyderabad,Telangana,India,7/18/2023,12/13/2025,43,10484.99,Regular,1
N0086,Harini,Saran,3/11/1979,Female,harini.saran@gmail.com,9796070881,Mumbai,Maharashtra,India,1/21/2025,12/2/2025,43,64575.05,VIP,1
N0087,Harrison,Thakur,6/12/1981,Male,harrison.thakur@gmail.com,9865279663,Bangalore,Karnataka,India,4/2/2023,2/13/2026,13,58331.23,VIP,1
N0088,Isha,Choudhury,7/3/1995,Female,isha.choudhury@gmail.com,7609345788,Mumbai,Maharashtra,India,2/16/2025,9/21/2025,22,10928.13,Regular,0
N0089,Devansh,Narasimhan,6/21/1992,Male,devansh.narasimhan@gmail.com,6473131623,Pune,Maharashtra,India,3/15/2023,5/6/2026,3,33845.53,Premium,0
N0090,Kai,Vasa,7/4/1993,Female,kai.vasa@gmail.com,9012556520,Coimbatore,Tamil Nadu,India,8/8/2024,6/15/2026,49,5526.16,Regular,0
N0091,Max,Shanker,8/25/1973,Male,max.shanker@gmail.com,6032458001,Delhi,Delhi,India,9/19/2024,8/20/2025,7,68656.32,VIP,0
N0092,Dhriti,De,7/6/2005,Male,dhriti.de@gmail.com,9996375809,Madurai,Tamil Nadu,India,10/3/2021,4/29/2026,30,109672.6,VIP,1
N0093,Dev,Ray,11/23/1961,Male,dev.ray@gmail.com,7356670535,Mumbai,Maharashtra,India,8/19/2022,2/21/2026,24,52198.61,VIP,1
N0094,Fitan,Anand,2/5/1988,Male,fitan.anand@gmail.com,9127515794,Kolkata,West Bengal,India,11/27/2021,12/8/2025,45,113859.98,VIP,1
N0095,Nisha,Sem,1/2/1975,Male,nisha.sem@gmail.com,8322600915,Delhi,West Bengal,India,8/6/2022,7/9/2025,3,62709.86,VIP,1
N0096,Nimrat,Chokshi,4/12/1983,Female,nimrat.chokshi@gmail.com,8124689114,Mumbai,Maharashtra,India,8/24/2024,8/19/2025,44,61272.56,VIP,0
N0097,Geetika,Krish,12/1/1971,Female,geetika.krish@gmail.com,9420344951,Mumbai,Maharashtra,India,3/14/2025,10/22/2025,39,75062.2,VIP,0
N0098,Panini,Rajagopal,6/12/2006,Male,panini.rajagopal@gmail.com,8770172447,Pune,Maharashtra,India,5/25/2024,11/30/2025,40,80578.51,VIP,1
N0099,Dalaja,Sama,10/22/1993,Female,dalaja.sama@gmail.com,9276938286,Delhi,Delhi,India,3/23/2023,10/30/2025,40,55327.28,VIP,1
N0100,Urmi,Dalal,10/4/1961,Female,urmi.dalal100@example.com,8932182817,Hyderabad,Telangana,India,4/20/2022,3/30/2026,23,1813.29,New,0
N0101,Nitesh,Bhasin,1/24/1993,Male,nitesh.bhasin@gmail.com,8631667723,Mumbai,Maharashtra,India,3/21/2025,9/8/2025,20,50578.17,VIP,1
N0102,Zayan,Devi,7/11/1987,Female,zayan.devi@gmail.com,7478418665,Madurai,Tamil Nadu,India,12/28/2021,2/18/2026,2,9305.65,Regular,0
N0103,Wridesh,Karnik,1/23/1985,Male,wridesh.karnik@gmail.com,6538529828,Pune,Maharashtra,India,5/4/2022,4/4/2026,33,11814.97,Regular,0
N0104,Vinaya,Merchant,8/12/2005,Female,vinaya.merchant@gmail.com,7342233866,Bangalore,Karnataka,India,4/22/2025,3/2/2026,34,118672.61,VIP,1
N0105,Charita,Shan,11/28/1998,Female,charita.shan@gmail.com,6625096904,Coimbatore,Tamil Nadu,India,5/4/2023,12/28/2025,31,50599.36,VIP,1
N0106,Balhaar,Rege,2/4/1968,Female,balhaar.rege@gmail.com,9707199175,Coimbatore,Tamil Nadu,India,2/12/2024,1/9/2026,48,25536.14,Premium,1
N0107,Eesha,Shetty,10/23/2000,Male,eesha.shetty@gmail.com,8265657481,Hyderabad,Telangana,India,1/1/2024,5/2/2026,49,97770.12,VIP,1
N0108,Tanmayi,Sant,2/11/1976,Male,tanmayi.sant@gmail.com,9162025969,Bangalore,Karnataka,India,7/6/2024,1/27/2026,18,51093.18,VIP,0
N0109,Vrishti,Johal,7/15/1992,Male,vrishti.johal@gmail.com,6851913686,Bangalore,Karnataka,India,10/30/2023,10/13/2025,5,117990.64,VIP,1
N0110,Nihal,Tella,8/17/1985,Male,nihal.tella@gmail.com,6901591901,Bangalore,Karnataka,India,12/23/2024,6/13/2026,50,89456.18,VIP,0
N0111,Gaurika,Peri,12/6/1993,Female,gaurika.peri@gmail.com,9000000110,Delhi,Delhi,India,7/12/2021,7/1/2025,31,22651.36,Premium,1
N0112,Oni,Lall,8/7/1977,Male,oni.lall@gmail.com,8176596437,Bangalore,Karnataka,India,3/21/2024,5/17/2026,29,7930.69,Regular,1
N0113,Devika,Kulkarni,7/11/2005,Female,devika.kulkarni@gmail.com,8066562501,Pune,Maharashtra,India,1/19/2025,11/14/2025,20,54487.08,VIP,0
N0114,Yutika,Gade,2/21/1963,Male,yutika.gade@gmail.com,7729022391,Madurai,Tamil Nadu,India,3/12/2025,10/14/2025,24,34239.46,Premium,0
N0115,Dipta,Chaudhari,9/23/1969,Male,dipta.chaudhari@gmail.com,9482498070,Hyderabad,Telangana,India,10/21/2022,1/11/2026,40,95294.98,VIP,1
N0116,Hemani,Goel,10/30/1985,Female,hemani.goel@gmail.com,6718675475,Delhi,Delhi,India,4/13/2025,7/18/2025,20,43607.97,VIP,0
N0117,Hemangini,Ratti,12/26/1978,Male,hemangini.ratti@gmail.com,9537841883,Hyderabad,Telangana,India,1/1/2024,4/6/2026,38,101988.21,VIP,0
N0118,Naksh,Mangal,7/19/2000,Female,naksh.mangal@gmail.com,7655157403,Mumbai,Maharashtra,India,3/13/2023,12/18/2025,21,86861.23,VIP,1
N0119,Warhi,Jani,12/27/1979,Male,warhi.jani@gmail.com,7009880401,Kolkata,West Bengal,India,11/2/2024,5/9/2026,20,52584.25,VIP,0
N0120,Advay,Ramaswamy,6/20/1967,Male,advay.ramaswamy@gmail.com,9952530191,Bangalore,Karnataka,India,5/17/2024,12/25/2025,2,118823.66,VIP,0
N0121,Rohan,Dutta,2/4/1982,Female,rohan.dutta@gmail.com,6426284628,Chennai,Tamil Nadu,India,5/26/2025,4/23/2026,19,40303.66,Premium,1
N0122,Dev,Dhaliwal,4/5/2004,Male,dev.dhaliwal@gmail.com,7357486345,Delhi,Delhi,India,4/2/2022,2/3/2026,34,24843.43,Premium,1
N0123,Karan,Mitra,4/20/1962,Male,karan.mitra@gmail.com,9610476573,Kolkata,West Bengal,India,12/16/2023,6/11/2026,47,99435.29,VIP,1
N0124,Unni,Ram,12/12/1961,Male,unni.ram@gmail.com,7995635953,Mumbai,Maharashtra,India,7/4/2022,4/2/2026,43,14606.64,Premium,0
N0125,William,Purohit,1/30/1989,Male,william.purohit@gmail.com,9379962729,Chennai,Tamil Nadu,India,5/9/2024,12/31/2025,36,79016.67,VIP,1
N0126,Parth,Dalal,3/8/1969,Male,parth.dalal@gmail.com,8036150445,Kolkata,West Bengal,India,6/16/2022,10/19/2025,22,13734.43,Premium,1
N0127,Vansha,Viswanathan,2/17/2000,Female,vansha.viswanathan@gmail.com,7815253549,Madurai,Tamil Nadu,India,9/11/2022,3/20/2026,45,102538.06,VIP,1
N0128,Viraj,Dash,9/29/1976,Female,viraj.dash@gmail.com,7542539982,Chennai,Tamil Nadu,India,12/16/2022,10/17/2025,45,1287.93,New,0
N0129,Harinakshi,Toor,7/6/1992,Female,harinakshi.toor@gmail.com,6019127450,Bangalore,Karnataka,India,3/30/2025,10/11/2025,14,39674.31,Premium,1
N0130,George,Pai,3/7/1973,Female,george.pai@gmail.com,7988594077,Pune,Maharashtra,India,6/1/2024,1/23/2026,46,75331.83,VIP,1
N0131,Kashvi,Mohanty,4/11/1985,Male,kashvi.mohanty@gmail.com,6663738066,Delhi,Delhi,India,5/26/2024,6/30/2025,19,95636.71,VIP,0
N0132,Janaki,Bail,4/1/1982,Female,janaki.bail@gmail.com,9634441543,Kolkata,West Bengal,India,12/17/2023,9/17/2025,6,113321.69,VIP,0
N0133,Samaksh,Modi,5/26/1967,Female,samaksh.modi@gmail.com,8420153407,Bangalore,Karnataka,India,7/29/2022,7/9/2025,16,94642.33,VIP,1
N0134,Tripti,Bora,1/17/2001,Male,tripti.bora@gmail.com,9267079475,Hyderabad,Telangana,India,8/24/2023,8/31/2025,1,5894.69,Regular,0
N0135,Ekani,Baral,7/4/2000,Male,ekani.baral@gmail.com,6860142463,Kolkata,West Bengal,India,4/28/2024,5/20/2026,44,96962.45,VIP,0
N0136,Siddharth,Sama,4/10/1975,Female,siddharth.sama@gmail.com,9559466869,Delhi,Delhi,India,11/14/2022,7/12/2025,50,42469.32,Premium,0
N0137,Warjas,Raja,5/23/2000,Female,warjas.raja@gmail.com,9000000136,Delhi,Delhi,India,1/1/2024,2/3/2026,40,75360.23,VIP,0
N0138,Samarth,Kapoor,8/19/1989,Female,samarth.kapoor138@example.com,9964508012,Hyderabad,Telangana,India,1/5/2025,9/21/2025,42,89268.36,VIP,1
N0139,Megha,Balan,1/7/1990,Male,megha.balan@gmail.com,7454016866,Bangalore,Karnataka,India,3/10/2025,4/23/2026,13,69308.69,VIP,0
N0140,Darpan,Kurian,6/11/1995,Female,darpan.kurian@gmail.com,7401789936,Bangalore,Karnataka,India,3/6/2024,4/27/2026,42,66978.17,VIP,0
N0141,Yashodhara,Bala,5/27/1991,Male,yashodhara.bala@gmail.com,9272343013,Bangalore,Karnataka,India,1/14/2023,1/12/2026,38,4892.68,Regular,0
N0142,Jasmit,Parmer,7/17/1970,Male,jasmit.parmer@gmail.com,6247624032,Madurai,Tamil Nadu,India,1/27/2024,9/30/2025,14,16730,Premium,0
N0143,Priya,Walia,10/18/1998,Male,priya.walia@gmail.com,9211963527,Hyderabad,Telangana,India,4/17/2023,7/16/2025,41,4649.47,Regular,0
N0144,Falan,Jhaveri,10/30/2000,Male,falan.jhaveri@gmail.com,8734360817,Kolkata,West Bengal,India,5/11/2022,11/24/2025,22,75077.85,VIP,0
N0145,Gautam,Magar,3/14/1969,Male,gautam.magar@gmail.com,7699997973,Mumbai,Maharashtra,India,5/16/2022,3/2/2026,12,100907.65,VIP,1
N0146,Jeet,Kumar,6/22/1994,Male,jeet.kumar@gmail.com,8930530357,Chennai,Tamil Nadu,India,4/14/2022,1/16/2026,10,91650.21,VIP,0
N0147,Om,Sami,7/6/1975,Male,om.sami@gmail.com,9698731793,Mumbai,Maharashtra,India,11/24/2024,12/6/2025,33,42392.76,Premium,1
N0148,Advay,Tiwari,4/19/1978,Female,advay.tiwari@gmail.com,6693489267,Mumbai,Maharashtra,India,9/23/2024,5/26/2026,33,100054.57,VIP,0
N0149,Rishi,Tandon,6/1/1975,Male,rishi.tandon@gmail.com,8357475244,Mumbai,Maharashtra,India,3/6/2022,4/19/2026,13,35617.18,Premium,1
N0150,Krishna,Bhatia,8/3/2003,Male,krishna.bhatia@gmail.com,7063060048,Bangalore,Karnataka,India,4/25/2024,6/12/2026,24,64386.02,VIP,1
N0151,Dhriti,Parekh,1/24/1999,Male,dhriti.parekh@gmail.com,9182913238,Coimbatore,Tamil Nadu,India,1/21/2022,12/25/2025,4,72371.86,VIP,1
N0152,Vedhika,Peri,6/13/1970,Female,vedhika.peri@gmail.com,8737359721,Madurai,Tamil Nadu,India,4/19/2025,7/23/2025,44,71903.35,VIP,1
N0153,Bachittar,Kamdar,9/30/1971,Male,bachittar.kamdar@gmail.com,6684584320,Mumbai,Maharashtra,India,10/10/2022,9/21/2025,16,30473.84,Premium,1
N0154,Darsh,Murthy,1/9/1970,Female,darsh.murthy@gmail.com,8579403125,Mumbai,Maharashtra,India,11/2/2021,12/25/2025,36,5578.71,Regular,0
N0155,Krisha,Dani,8/25/1985,Female,krisha.dani@gmail.com,8994824365,Madurai,Tamil Nadu,India,9/5/2024,1/31/2026,19,58217.45,VIP,1
N0156,Lipika,Lad,3/18/2000,Male,lipika.lad@gmail.com,7414107549,Chennai,Tamil Nadu,India,5/4/2022,2/15/2026,27,102761.15,VIP,0
N0157,Mason,Chhabra,5/28/1997,Female,mason.chhabra@gmail.com,9291247650,Bangalore,Karnataka,India,9/23/2024,12/13/2025,11,103056.42,VIP,1
N0158,Mekhala,Datta,1/14/1982,Female,mekhala.datta@gmail.com,9922904894,Pune,Maharashtra,India,1/14/2025,2/24/2026,41,2004.99,New,1
N0159,Ranveer,Chaudhuri,5/11/1970,Female,ranveer.chaudhuri@gmail.com,7553143387,Coimbatore,Tamil Nadu,India,10/30/2023,9/20/2025,27,17649.72,Premium,1
N0160,Bahadurjit,Bandi,6/1/2000,Male,bahadurjit.bandi@gmail.com,6128052728,Kolkata,West Bengal,India,4/3/2022,5/4/2026,5,113200.92,VIP,1
N0161,Jason,Dube,9/1/1992,Male,jason.dube@gmail.com,9475267155,Delhi,Tamil Nadu,India,8/11/2024,3/23/2026,9,2779.69,New,1
N0162,Pratyush,Jani,3/14/1993,Male,pratyush.jani@gmail.com,6833442368,Chennai,Tamil Nadu,India,4/14/2025,12/27/2025,35,49125.16,VIP,0
N0163,Veer,Murty,7/1/1985,Female,veer.murty@gmail.com,8739460953,Kolkata,West Bengal,India,7/23/2024,11/9/2025,17,93133.82,VIP,0
N0164,Gunbir,Jaggi,12/3/1985,Female,gunbir.jaggi@gmail.com,7069381464,Delhi,Delhi,India,12/5/2021,3/22/2026,17,43212.4,VIP,0
N0165,Theodore,Mannan,2/2/1966,Female,theodore.mannan@gmail.com,8863339554,Delhi,Delhi,India,1/22/2023,8/15/2025,37,14206.05,Premium,0
N0166,Parth,Borde,10/27/1965,Female,parth.borde@gmail.com,9825377730,Chennai,Tamil Nadu,India,1/19/2025,11/22/2025,46,26957.74,Premium,1
N0167,Ishwar,Kota,10/20/1992,Male,ishwar.kota@gmail.com,6161578367,Delhi,Delhi,India,4/22/2022,3/19/2026,14,102788.63,VIP,1
N0168,Jonathan,Kuruvilla,9/12/2003,Male,jonathan.kuruvilla@gmail.com,9274295131,Chennai,Tamil Nadu,India,5/13/2022,12/21/2025,20,69414.56,VIP,0
N0169,Gautami,Samra,2/22/1997,Male,gautami.samra@gmail.com,7217286821,Madurai,Tamil Nadu,India,11/10/2024,2/7/2026,43,115084.63,VIP,0
N0170,Omya,Vaidya,8/29/1987,Female,omya.vaidya@gmail.com,9024652357,Chennai,Tamil Nadu,India,8/18/2024,10/17/2025,23,53835.76,VIP,0
N0171,Alka,Mammen,1/13/1981,Female,alka.mammen@gmail.com,7569503943,Chennai,Tamil Nadu,India,4/27/2024,12/9/2025,37,88454.05,VIP,1
N0172,Sachi,Keer,12/19/2002,Female,sachi.keer@gmail.com,6172747263,Mumbai,Maharashtra,India,5/21/2025,3/16/2026,41,28556.04,Premium,0
N0173,Reyansh,Mital,8/31/1973,Male,reyansh.mital@gmail.com,8846357229,Delhi,Delhi,India,4/4/2023,2/1/2026,12,80957.36,VIP,0
N0174,Harita,Patla,7/2/1978,Female,harita.patla@gmail.com,7816743392,Kolkata,West Bengal,India,2/12/2024,7/22/2025,20,117904.14,VIP,0
N0175,Ucchal,Venkataraman,8/15/1967,Female,ucchal.venkataraman@gmail.com,8851399327,Chennai,Tamil Nadu,India,7/26/2023,7/10/2025,15,12503.17,Regular,0
N0176,Mitesh,Raval,9/12/1969,Male,mitesh.raval@gmail.com,6799444470,Kolkata,West Bengal,India,2/23/2025,7/27/2025,8,20608.25,Premium,0
N0177,Logan,Warrior,8/16/1973,Female,logan.warrior@gmail.com,6864062576,Madurai,Tamil Nadu,India,10/22/2021,9/27/2025,35,118236.63,VIP,0
N0178,Janaki,Menon,9/27/1989,Male,janaki.menon@gmail.com,9000000177,Hyderabad,Telangana,India,9/11/2024,9/13/2025,18,57999.89,VIP,1
N0179,Orinder,Babu,2/1/1990,Female,orinder.babu@gmail.com,8173517175,Chennai,Tamil Nadu,India,11/23/2022,4/24/2026,40,75095.31,VIP,1
N0180,Janani,Modi,10/8/1966,Female,janani.modi@gmail.com,8084015767,Delhi,Tamil Nadu,India,5/14/2025,3/11/2026,49,72317.97,VIP,0
N0181,Omya,Batra,1/23/1990,Male,omya.batra@gmail.com,7440983041,Mumbai,Maharashtra,India,5/2/2024,4/17/2026,24,92172.87,VIP,0
N0182,Kala,Patla,10/21/1993,Female,kala.patla@gmail.com,8217954123,Madurai,Tamil Nadu,India,12/28/2021,3/2/2026,1,73659.44,VIP,1
N0183,Chameli,Khare,6/11/1986,Female,chameli.khare@gmail.com,6617852756,Pune,Maharashtra,India,5/29/2022,5/4/2026,39,62272.85,VIP,1
N0184,Prisha,Konda,6/4/2002,Female,prisha.konda@gmail.com,7313183408,Delhi,Maharashtra,India,1/31/2023,9/25/2025,40,48384.79,VIP,0
N0185,Daksh,Vohra,7/7/1982,Female,daksh.vohra@gmail.com,7294844272,Pune,Maharashtra,India,5/29/2024,3/31/2026,41,17327.23,Premium,0
N0186,Rudra,Mital,9/1/1969,Male,rudra.mital@gmail.com,8374384916,Madurai,Tamil Nadu,India,9/19/2021,6/15/2026,27,105334.6,VIP,0
N0187,Zehaan,Mann,11/29/1973,Female,zehaan.mann@gmail.com,8349803344,Mumbai,Maharashtra,India,8/3/2022,6/7/2026,50,16282.34,Premium,0
N0188,Arin,Narula,3/11/1972,Male,arin.narula@gmail.com,9139269383,Kolkata,West Bengal,India,12/2/2021,7/15/2025,13,81715.41,VIP,1
N0189,Champak,Rana,1/26/1985,Male,champak.rana@gmail.com,7912984113,Kolkata,West Bengal,India,6/27/2021,3/1/2026,38,73169,VIP,0
N0190,Samuel,Naik,10/12/1970,Male,samuel.naik@gmail.com,9657526257,Hyderabad,Telangana,India,8/13/2022,1/9/2026,34,38775.02,Premium,1
N0191,Gunbir,Nagar,5/23/2000,Male,gunbir.nagar@gmail.com,8185518687,Hyderabad,Telangana,India,3/3/2025,3/10/2026,27,68743.26,VIP,0
N0192,Aryan,Dewan,2/27/1968,Male,aryan.dewan@gmail.com,7508447119,Madurai,Tamil Nadu,India,3/24/2023,10/24/2025,15,56885.55,VIP,1
N0193,Chanakya,Khalsa,4/1/1999,Male,chanakya.khalsa@gmail.com,7462260224,Chennai,Tamil Nadu,India,10/27/2022,12/2/2025,7,12840.37,Regular,1
N0194,Abhimanyu,Swamy,12/22/1973,Female,abhimanyu.swamy@gmail.com,7313707883,Hyderabad,Telangana,India,10/11/2021,10/7/2025,2,67569.5,VIP,1
N0195,Deepa,Subramanian,2/8/2006,Female,deepa.subramanian@gmail.com,6862881659,Delhi,Delhi,India,5/17/2023,12/20/2025,42,47974.61,VIP,0
N0196,Ira,Dass,4/18/2008,Female,ira.dass@gmail.com,6728396708,Pune,Maharashtra,India,11/13/2024,9/25/2025,28,29729.66,Premium,1
N0197,Wahab,Deshmukh,8/11/1964,Female,wahab.deshmukh@gmail.com,6180967766,Pune,Maharashtra,India,6/22/2022,12/25/2025,12,33664.64,Premium,0
N0198,Jackson,Shah,4/30/1979,Male,jackson.shah@gmail.com,7290934428,Chennai,Tamil Nadu,India,11/29/2024,8/3/2025,22,37445.23,Premium,1
N0199,Girindra,Tripathi,9/7/2006,Male,girindra.tripathi@gmail.com,9795024724,Kolkata,West Bengal,India,8/21/2023,3/2/2026,15,23291.84,Premium,1
N0200,Bachittar,Varughese,6/4/1991,Female,bachittar.varughese@gmail.com,9828637996,Pune,Maharashtra,India,8/17/2021,9/21/2025,45,88160.91,VIP,0
N0201,Arin,Nayar,5/5/1972,Male,arin.nayar@gmail.com,9161417196,Coimbatore,Tamil Nadu,India,8/16/2021,8/4/2025,35,8200.95,Regular,1
N0202,Faris,Dutta,10/18/1977,Female,faris.dutta@gmail.com,8796112804,Bangalore,Karnataka,India,3/5/2022,1/30/2026,27,33479.19,Premium,1
N0203,Qadim,Bajaj,9/17/1966,Male,qadim.bajaj@gmail.com,7625442860,Delhi,Tamil Nadu,India,1/1/2024,6/30/2025,4,103047.68,VIP,0
N0204,Meghana,Sarin,12/20/1983,Male,meghana.sarin@gmail.com,7608621063,Kolkata,West Bengal,India,6/5/2025,6/8/2026,17,75903.79,VIP,0
N0205,Balvan,Sha,8/24/1982,Female,balvan.sha@gmail.com,6444815836,Kolkata,West Bengal,India,2/13/2025,3/15/2025,42,57618.84,VIP,1
N0206,Radhika,Khurana,2/4/1983,Female,radhika.khurana@gmail.com,7684594112,Bangalore,Karnataka,India,5/26/2023,10/6/2025,2,58827.15,VIP,1
N0207,Kavya,Setty,9/19/1977,Male,kavya.setty@gmail.com,8696628430,Delhi,Delhi,India,1/3/2024,12/30/2025,11,100224.97,VIP,1
N0208,Farhan,Maharaj,8/21/1984,Male,farhan.maharaj@gmail.com,9931278521,Bangalore,Karnataka,India,5/30/2022,2/14/2026,39,52518.42,VIP,1
N0209,Kashish,Dass,4/15/2006,Male,kashish.dass@gmail.com,6555466541,Bangalore,Karnataka,India,2/22/2023,11/21/2025,21,59352.75,VIP,1
N0210,Tanmayi,Prakash,4/19/1996,Male,tanmayi.prakash@gmail.com,6132157457,Hyderabad,Telangana,India,12/5/2022,2/1/2026,40,41065.76,Premium,1
N0211,Lajita,Lata,9/7/2005,Male,lajita.lata@gmail.com,9732390254,Hyderabad,Telangana,India,11/25/2021,8/4/2025,2,65962.22,VIP,0
N0212,Tara,Wali,11/14/1989,Female,tara.wali@gmail.com,8876856104,Madurai,Tamil Nadu,India,2/12/2022,7/30/2025,3,18068.95,Premium,0
N0213,Jalsa,Morar,8/12/1984,Female,jalsa.morar213@example.com,8657250157,Pune,Maharashtra,India,3/10/2022,9/10/2025,38,18397.46,Premium,1
N0214,Logan,Dutta,2/24/1962,Female,logan.dutta@gmail.com,7365346103,Coimbatore,Tamil Nadu,India,6/29/2024,1/27/2026,12,14249.22,Premium,0
N0215,Idika,Verma,8/2/1979,Male,idika.verma215@example.com,6859914080,Delhi,Delhi,India,10/25/2024,7/6/2025,41,88767.66,VIP,0
N0216,Advik,Barman,1/9/1973,Male,advik.barman@gmail.com,9000000215,Pune,Maharashtra,India,12/9/2023,4/1/2026,43,103899.75,VIP,0
N0217,Pranit,Sibal,4/25/1975,Female,pranit.sibal@gmail.com,8638074981,Kolkata,West Bengal,India,7/7/2024,5/15/2026,20,46779.27,VIP,1
N0218,Chakradev,Kala,9/21/2001,Male,chakradev.kala@gmail.com,8933409862,Pune,Maharashtra,India,2/24/2025,11/27/2025,10,87897.32,VIP,0
N0219,Janya,Das,10/12/1973,Male,janya.das@gmail.com,8695319305,Coimbatore,Tamil Nadu,India,5/31/2023,12/29/2025,11,68165.18,VIP,0
N0220,Saksham,Padmanabhan,9/23/1974,Male,saksham.padmanabhan@gmail.com,9000000219,Kolkata,West Bengal,India,4/23/2022,9/26/2025,24,64229.27,VIP,1
N0221,Priya,Chaudhry,8/29/1986,Male,priya.chaudhry@gmail.com,7711656200,Chennai,Tamil Nadu,India,5/28/2022,10/11/2025,46,68570.85,VIP,0
N0222,Varenya,Pant,6/20/1961,Male,varenya.pant@gmail.com,8635356273,Chennai,Tamil Nadu,India,4/9/2022,1/17/2026,50,32758.17,Premium,1
N0223,Qabil,Loyal,1/6/1970,Male,qabil.loyal@gmail.com,7165565989,Delhi,Delhi,India,3/30/2025,1/25/2026,29,44829.08,VIP,1
N0224,Advika,Dora,11/27/1993,Female,advika.dora@gmail.com,7662827208,Hyderabad,Telangana,India,9/3/2024,4/17/2026,9,76047.86,VIP,1
N0225,Reyansh,Krishnan,4/3/1996,Male,reyansh.krishnan@gmail.com,6114165290,Pune,Maharashtra,India,1/23/2025,11/2/2025,2,90985.71,VIP,1
N0226,Lila,Gole,7/8/1983,Male,lila.gole@gmail.com,8596447992,Hyderabad,Telangana,India,2/11/2023,4/10/2026,46,115616.08,VIP,0
N0227,Geetika,Gulati,8/8/1978,Male,geetika.gulati@gmail.com,7819648545,Madurai,Tamil Nadu,India,11/26/2021,10/5/2025,12,45562.25,VIP,0
N0228,Nisha,Mukherjee,7/31/1988,Male,nisha.mukherjee@gmail.com,6325787792,Delhi,Delhi,India,10/5/2021,10/15/2025,3,95468.73,VIP,1
N0229,Veda,Dhaliwal,7/25/1992,Male,veda.dhaliwal229@example.com,6709061843,Madurai,Tamil Nadu,India,12/31/2022,3/12/2026,2,29717.3,Premium,1
N0230,Christopher,Kari,1/31/1996,Female,christopher.kari@gmail.com,12345,Hyderabad,Telangana,India,11/5/2021,10/28/2025,30,81174.36,VIP,0
N0231,Jairaj,Ratta,11/7/1973,Male,jairaj.ratta@gmail.com,7399744676,Coimbatore,Tamil Nadu,India,8/31/2023,12/29/2025,13,9771.79,Regular,0
N0232,Mitali,Singhal,3/17/1970,Male,mitali.singhal@gmail.com,6172767406,Delhi,Telangana,India,3/1/2023,6/15/2025,31,34245.37,Premium,1
N0233,Zashil,Palla,3/3/1965,Male,zashil.palla233@example.com,9359775339,Chennai,Tamil Nadu,India,11/13/2022,7/11/2025,35,93957.29,VIP,0
N0234,Netra,Hayer,6/14/2003,Male,netra.hayer@gmail.com,9024499418,Delhi,Tamil Nadu,India,5/24/2024,12/22/2025,25,21844.43,Premium,0
N0235,Zaid,Mann,9/16/1992,Male,zaid.mann@gmail.com,7384642419,Bangalore,Karnataka,India,2/18/2023,2/28/2026,19,26188.76,Premium,1
N0236,Rohan,Devan,1/12/1972,Male,rohan.devan@gmail.com,8516109608,Delhi,Delhi,India,1/3/2023,9/5/2025,8,38505.82,Premium,1
N0237,Ucchal,Bassi,12/10/2005,Male,ucchal.bassi@gmail.com,7034587504,Hyderabad,Telangana,India,6/6/2024,5/2/2026,14,49907.33,VIP,0
N0238,Charvi,Mittal,9/19/1971,Female,charvi.mittal@gmail.com,8547372696,Hyderabad,Telangana,India,6/27/2023,10/9/2025,18,30165.61,Premium,0
N0239,Wazir,Dalal,6/12/1980,Female,wazir.dalal@gmail.com,7767156581,Hyderabad,Telangana,India,6/8/2022,6/4/2026,32,70058.78,VIP,0
N0240,Hema,Rajan,7/30/1981,Female,hema.rajan@gmail.com,8591676764,Madurai,Tamil Nadu,India,9/7/2021,5/19/2026,13,10572.27,Regular,0
N0241,Vanya,Desai,4/11/2004,Male,vanya.desai@gmail.com,6216798150,Mumbai,Maharashtra,India,8/22/2021,8/8/2025,18,14434.24,Premium,1
N0242,Ikbal,Om,8/12/2006,Male,ikbal.om@gmail.com,6538319054,Delhi,Delhi,India,10/21/2021,3/15/2026,45,69625.99,VIP,1
N0243,Saumya,Chawla,12/10/1968,Male,saumya.chawla@gmail.com,8634499162,Hyderabad,Telangana,India,12/5/2022,3/2/2026,32,118076.33,VIP,0
N0244,Yamini,Khalsa,8/1/1987,Male,yamini.khalsa@gmail.com,8222909502,Chennai,Tamil Nadu,India,9/23/2022,10/2/2025,35,118365.3,VIP,0
N0245,Jagvi,Pall,5/1/1977,Female,jagvi.pall@gmail.com,6074861486,Hyderabad,Telangana,India,9/5/2022,7/20/2025,21,103210.92,VIP,0
N0246,Darsh,Deo,7/25/1986,Male,darsh.deo@gmail.com,6673856995,Pune,Maharashtra,India,8/14/2023,2/9/2026,37,38826.58,Premium,0
N0247,Bimala,Dara,2/3/1996,Male,bimala.dara@gmail.com,8820338714,Coimbatore,Tamil Nadu,India,3/29/2023,1/13/2026,28,91846.61,VIP,0
N0248,Bakhshi,Palla,12/29/1979,Male,bakhshi.palla@gmail.com,6073632453,Chennai,Tamil Nadu,India,2/11/2024,6/7/2026,24,60111.56,VIP,0
N0249,Aachal,Sule,8/12/1975,Female,aachal.sule@gmail.com,6744201437,Chennai,Tamil Nadu,India,6/3/2023,12/24/2025,16,35817.63,Premium,1
N0250,Neel,Sethi,11/18/1999,Female,neel.sethi@gmail.com,8192185563,Madurai,Tamil Nadu,India,2/1/2022,6/19/2025,29,21114.27,Premium,0
N0251,Mekhala,Loke,1/9/1976,Male,mekhala.loke@gmail.com,12345,Chennai,Tamil Nadu,India,1/29/2024,2/28/2024,25,19884.74,Premium,1
N0252,Dalbir,Chadha,3/19/2006,Female,dalbir.chadha@gmail.com,6507410190,Mumbai,Maharashtra,India,6/10/2022,9/24/2025,6,50536.61,VIP,1
N0253,Damyanti,Bahri,11/27/2005,Female,damyanti.bahri253@example.com,7851480216,Chennai,Tamil Nadu,India,5/7/2023,8/4/2025,15,50972.5,VIP,1
N0254,Gaurika,Sandhu,8/20/1980,Female,gaurika.sandhu@gmail.com,8068200968,Kolkata,West Bengal,India,5/15/2025,8/28/2025,29,81853.55,VIP,0
N0255,Bhavika,Chokshi,3/28/1975,Female,bhavika.chokshi@gmail.com,8325796096,Coimbatore,Tamil Nadu,India,11/30/2022,2/19/2026,30,75942.51,VIP,1
N0256,Janani,Parikh,2/28/1986,Male,janani.parikh@gmail.com,7625074354,Delhi,Delhi,India,4/1/2025,8/30/2025,14,31643.44,Premium,1
N0257,Chakradev,Ahluwalia,7/5/1972,Male,chakradev.ahluwalia@gmail.com,7160371916,Kolkata,West Bengal,India,2/7/2024,9/18/2025,14,105847.61,VIP,1
N0258,Eiravati,Pai,3/6/1990,Female,eiravati.pai@gmail.com,9427166163,Delhi,Delhi,India,6/11/2022,8/27/2025,5,7024.49,Regular,1
N0259,Nitara,Ramaswamy,1/6/1968,Male,nitara.ramaswamy@gmail.com,7014808146,Bangalore,Karnataka,India,10/5/2022,5/14/2026,13,51888.89,VIP,0
N0260,Nathan,Murthy,10/9/2001,Female,nathan.murthy@gmail.com,8414606959,Delhi,Delhi,India,5/11/2025,11/21/2025,30,25915.07,Premium,0
N0261,Vritti,Chhabra,4/4/1980,Female,vritti.chhabra@gmail.com,6528476373,Pune,Maharashtra,India,3/26/2025,6/4/2026,8,60705.69,VIP,1
N0262,Madhavi,Talwar,6/12/2006,Male,madhavi.talwar262@example.com,8668992732,Bangalore,Karnataka,India,1/5/2025,3/28/2026,46,5252.83,Regular,0
N0263,Ronith,Sen,9/2/2005,Male,ronith.sen@gmail.com,8780287861,Kolkata,West Bengal,India,3/2/2023,8/10/2025,1,113200.92,VIP,1
N0264,Advika,Lalla,12/12/1982,Male,advika.lalla@gmail.com,9838899532,Coimbatore,Tamil Nadu,India,8/29/2023,3/4/2026,14,36169.77,Premium,0
N0265,Charvi,Sha,2/21/1990,Male,charvi.sha@gmail.com,9444285385,Hyderabad,Telangana,India,12/1/2022,2/25/2026,18,97692.91,VIP,1
N0266,Naksh,Chhabra,12/20/1970,Male,naksh.chhabra@gmail.com,7326327255,Hyderabad,Telangana,India,7/1/2023,12/25/2025,10,111126.97,VIP,1
N0267,Nandini,Pillai,12/5/1989,Female,nandini.pillai@gmail.com,8421593557,Coimbatore,Tamil Nadu,India,4/28/2023,3/26/2026,14,104952.12,VIP,0
N0268,Chatura,Sem,5/31/1984,Male,chatura.sem@gmail.com,7997913915,Mumbai,Maharashtra,India,8/6/2022,4/15/2026,27,84963.76,VIP,1
N0269,Ria,Raju,6/6/1984,Female,ria.raju@gmail.com,6373341092,Kolkata,West Bengal,India,9/22/2022,7/22/2025,3,30080.66,Premium,0
N0270,Upkaar,Jhaveri,7/26/1967,Female,upkaar.jhaveri@gmail.com,7725305298,Madurai,Tamil Nadu,India,10/19/2022,4/17/2026,15,68688.33,VIP,1
N0271,Chakradhar,Bains,5/14/1984,Male,chakradhar.bains@gmail.com,9650366026,Mumbai,Maharashtra,India,1/7/2022,8/28/2025,49,50819.07,VIP,1
N0272,Wridesh,Saraf,2/24/1994,Female,wridesh.saraf@gmail.com,9000000271,Pune,Maharashtra,India,6/17/2024,9/7/2025,42,18705.41,Premium,1
N0273,Unnati,Wagle,7/25/1963,Male,unnati.wagle@gmail.com,8228132784,Madurai,Tamil Nadu,India,11/11/2023,10/7/2025,20,68502.66,VIP,1
N0274,Aadi,Tiwari,10/28/2003,Female,aadi.tiwari@gmail.com,6956748384,Delhi,Delhi,India,4/16/2025,10/13/2025,39,56516.86,VIP,1
N0275,Om,Venkataraman,5/6/1985,Male,om.venkataraman@gmail.com,6152888807,Kolkata,West Bengal,India,2/21/2024,10/12/2025,41,88414.87,VIP,0
N0276,Kamya,Hans,5/4/1968,Male,kamya.hans@gmail.com,6070894212,Pune,Maharashtra,India,3/15/2024,4/14/2024,47,87915.62,VIP,1
N0277,Nirja,Banerjee,4/20/1964,Female,nirja.banerjee277@example.com,9244009989,Bangalore,Karnataka,India,2/2/2023,6/6/2026,40,59313.56,Regular,1
N0278,Anjali,Palla,2/2/2000,Male,anjali.palla@gmail.com,6720024008,Chennai,Tamil Nadu,India,12/30/2022,11/27/2025,37,86499.55,VIP,1
N0279,Baljiwan,Bakshi,12/5/2003,Female,baljiwan.bakshi@gmail.com,9928032597,Mumbai,Maharashtra,India,8/9/2024,5/11/2026,17,59313.56,Regular,1
N0280,Aadhya,Chakrabarti,3/14/1986,Male,aadhya.chakrabarti@gmail.com,7382111967,Chennai,Tamil Nadu,India,11/4/2023,11/17/2025,4,71831.71,VIP,1
N0281,Lipika,Edwin,8/11/1974,Male,lipika.edwin@gmail.com,8010892589,Pune,Maharashtra,India,8/10/2024,5/12/2026,23,11233.56,Regular,1
N0282,Nathaniel,Dani,7/13/1985,Male,nathaniel.dani@gmail.com,6209262790,Madurai,Tamil Nadu,India,11/17/2021,9/24/2025,50,59313.56,Premium,0
N0283,Bimala,Sarraf,2/12/1978,Male,bimala.sarraf@gmail.com,7102170699,Hyderabad,Telangana,India,6/1/2024,7/3/2025,24,63650.93,VIP,1
N0284,Libni,Sarin,5/9/1991,Female,libni.sarin@gmail.com,9267398042,Mumbai,Maharashtra,India,9/11/2021,10/19/2025,48,39763.78,Premium,1
N0285,Vidhi,Sarin,8/28/1962,Female,vidhi.sarin285@example.com,7620284422,Madurai,Tamil Nadu,India,2/10/2024,7/11/2025,1,7812.34,Regular,0
N0286,Yachana,Shere,11/3/1996,Male,yachana.shere@gmail.com,8624208768,Mumbai,Maharashtra,India,2/3/2024,6/26/2025,11,59313.56,Premium,0
N0287,Saumya,Choudhry,9/9/1981,Female,saumya.choudhry@gmail.com,9708972624,Mumbai,Maharashtra,India,1/1/2025,5/31/2026,40,78170.3,VIP,0
N0288,William,Saha,10/6/2003,Female,william.saha@gmail.com,7497576974,Madurai,Tamil Nadu,India,10/24/2021,5/10/2026,42,81234.64,VIP,0
N0289,Yasti,Gour,3/22/1968,Female,yasti.gour@gmail.com,7416752241,Kolkata,West Bengal,India,12/28/2024,8/23/2025,39,18748.01,Premium,1
N0290,Oscar,Kapoor,12/26/1966,Female,oscar.kapoor@gmail.com,6264066432,Pune,Maharashtra,India,1/10/2023,9/18/2025,11,4752.3,Regular,0
N0291,Tejas,Garg,4/8/1986,Male,tejas.garg@gmail.com,9555229939,Delhi,Delhi,India,5/16/2024,11/12/2025,39,1245.2,New,0
N0292,Shravya,Muni,10/1/1981,Female,shravya.muni@gmail.com,9302166931,Pune,Maharashtra,India,2/27/2024,6/27/2025,15,11235.96,Regular,1
N0293,Naksh,Vig,5/6/1986,Male,naksh.vig@gmail.com,6651996437,Chennai,Tamil Nadu,India,2/17/2024,2/21/2026,36,43540.75,VIP,0
N0294,Jhalak,Mandal,1/10/1965,Male,jhalak.mandal@gmail.com,9766147105,Hyderabad,Telangana,India,4/9/2025,9/3/2025,18,118048.14,VIP,0
N0295,Jeet,Chhabra,10/21/1978,Male,jeet.chhabra@gmail.com,7186644823,Mumbai,Maharashtra,India,8/10/2024,8/29/2025,43,105717.32,VIP,1
N0296,Yashodhara,Batra,3/10/1976,Male,yashodhara.batra@gmail.com,8054575217,Pune,Maharashtra,India,8/6/2021,11/28/2025,9,111622.74,VIP,0
N0297,Samarth,Prabhakar,6/26/2001,Female,samarth.prabhakar@gmail.com,6197590203,Delhi,Delhi,India,8/10/2023,7/15/2025,34,54859.44,VIP,1
N0298,Lucky,Sunder,9/8/1983,Female,lucky.sunder@gmail.com,9371728017,Delhi,Delhi,India,5/7/2023,2/22/2026,16,21497.59,Premium,1
N0299,Oliver,Murthy,12/2/2007,Female,oliver.murthy@gmail.com,8896002535,Delhi,Delhi,India,10/24/2021,8/17/2025,39,5434.81,Regular,0
N0300,Balhaar,Radhakrishnan,11/14/1985,Male,balhaar.radhakrishnan@gmail.com,7133349089,Madurai,Tamil Nadu,India,8/21/2024,2/19/2026,8,49245.24,VIP,1
N0301,Laksh,Tak,2/20/1968,Female,laksh.tak@gmail.com,6748882712,Pune,Maharashtra,India,11/7/2021,10/1/2025,36,79636.37,VIP,0
N0302,Yagnesh,Deol,9/1/1980,Male,yagnesh.deol@gmail.com,6373392659,Delhi,Delhi,India,8/28/2022,2/3/2026,2,67585.53,VIP,1
N0303,Kevin,Badami,6/8/1975,Male,kevin.badami@gmail.com,9452845245,Bangalore,Karnataka,India,1/22/2023,10/16/2025,0,111661.95,VIP,1
N0304,Rachita,Kumar,11/26/2006,Male,rachita.kumar@gmail.com,7831994171,Delhi,Delhi,India,3/18/2022,11/1/2025,4,63461.75,VIP,1
N0305,Yamini,Pandya,6/12/1967,Male,yamini.pandya@gmail.com,6599172250,Pune,Maharashtra,India,10/5/2022,5/18/2026,19,108883.66,VIP,1
N0306,Atharv,Dugar,12/8/1963,Male,atharv.dugar@gmail.com,7266987023,Pune,Maharashtra,India,2/7/2024,1/24/2026,50,85880,VIP,1
N0307,Jagrati,Baral,8/14/1981,Female,jagrati.baral@gmail.com,8251923696,Delhi,Delhi,India,3/12/2025,10/29/2025,30,72547.32,VIP,1
N0308,Vyanjana,Halder,3/23/1971,Female,vyanjana.halder@gmail.com,6308339554,Kolkata,West Bengal,India,3/24/2022,3/14/2026,37,54097.5,VIP,0
N0309,Charita,Gera,12/5/1992,Male,charita.gera@gmail.com,9488696516,Kolkata,West Bengal,India,8/21/2021,5/9/2026,7,96156.03,VIP,1
N0310,Liam,Arora,5/19/1966,Female,liam.arora@gmail.com,7045573419,Coimbatore,Tamil Nadu,India,12/21/2022,3/24/2026,2,68611.79,VIP,0
N0311,Onkar,Bal,2/17/1993,Male,onkar.bal@gmail.com,6408006854,Delhi,Delhi,India,12/16/2021,2/1/2026,2,45918.57,VIP,1
N0312,Watika,Minhas,12/13/1977,Male,watika.minhas@gmail.com,7679793357,Hyderabad,Telangana,India,6/30/2024,2/1/2026,14,67560.18,VIP,1
N0313,Nisha,Manda,2/24/1974,Female,nisha.manda@gmail.com,7355995695,Pune,Maharashtra,India,8/20/2024,4/10/2026,9,8239.58,Regular,1
N0314,Indali,Loyal,12/24/1968,Male,indali.loyal@gmail.com,9000000313,Madurai,Tamil Nadu,India,2/11/2022,9/30/2025,24,6570.72,Regular,0
N0315,Imaran,Kata,3/15/1973,Female,imaran.kata@gmail.com,8303953132,Hyderabad,Telangana,India,10/19/2022,8/19/2025,32,74497.33,VIP,1
N0316,Aarush,Raman,6/30/1975,Female,aarush.raman@gmail.com,9657505813,Kolkata,West Bengal,India,8/15/2024,10/10/2025,19,59313.56,VIP,1
N0317,Aarini,Zachariah,2/9/1982,Female,aarini.zachariah@gmail.com,7581026462,Pune,Maharashtra,India,5/21/2022,9/14/2025,1,103236.85,VIP,0
N0318,Hredhaan,Dutt,6/23/1967,Female,hredhaan.dutt@gmail.com,7864102791,Coimbatore,Tamil Nadu,India,10/25/2024,2/15/2026,14,119378.52,VIP,0
N0319,Harsh,Vora,6/26/1981,Male,harsh.vora@gmail.com,8596793620,Pune,Maharashtra,India,4/27/2025,6/25/2025,13,115802.37,VIP,0
N0320,Shaurya,Kakar,12/1/1971,Female,shaurya.kakar320@example.com,8685341898,Madurai,Tamil Nadu,India,12/31/2024,7/14/2025,33,96355.82,VIP,1
N0321,Brinda,Mani,11/27/1980,Female,brinda.mani@gmail.com,9555632315,Pune,Maharashtra,India,8/14/2022,3/10/2026,4,74976.7,VIP,1
N0322,Manya,Dalal,4/3/1983,Female,manya.dalal@gmail.com,6990420884,Pune,Maharashtra,India,11/28/2022,1/7/2026,15,58648.52,VIP,1
N0323,Nikita,Mammen,2/26/2003,Male,nikita.mammen@gmail.com,8951692981,Kolkata,West Bengal,India,9/21/2024,7/24/2025,7,78033.58,VIP,0
N0324,Hemang,Dutta,10/18/1995,Male,hemang.dutta@gmail.com,9698110130,Mumbai,Maharashtra,India,2/9/2024,11/29/2025,1,42658.87,Premium,1
N0325,Yochana,Bali,8/30/1980,Female,yochana.bali@gmail.com,6442285701,Chennai,Tamil Nadu,India,6/3/2024,9/16/2025,28,76622.88,VIP,0
N0326,Chanakya,Samra,8/10/1990,Male,chanakya.samra@gmail.com,8185554012,Delhi,Delhi,India,6/9/2022,6/6/2026,48,2912.37,New,1
N0327,Kritika,Vasa,6/27/1978,Male,kritika.vasa@gmail.com,6679974854,Pune,Maharashtra,India,3/25/2025,4/24/2025,9,2298.69,New,0
N0328,Krishna,Borra,10/25/1963,Male,krishna.borra328@example.com,9001550352,Pune,Maharashtra,India,11/4/2024,8/27/2025,12,63232.75,VIP,0
N0329,Turvi,Salvi,7/2/1971,Male,turvi.salvi@gmail.com,9604518733,Delhi,Delhi,India,7/12/2024,3/11/2026,3,32403.35,Premium,1
N0330,Devansh,Sani,11/29/1976,Male,devansh.sani@gmail.com,8738984013,Chennai,Tamil Nadu,India,10/31/2023,1/21/2026,36,42758.28,Premium,0
N0331,Baljiwan,D’Alia,8/3/1987,Female,baljiwan.d’alia@gmail.com,9182564211,Mumbai,Maharashtra,India,2/1/2024,9/5/2025,16,75134.93,VIP,1
N0332,Zilmil,Mohan,6/28/1978,Female,zilmil.mohan@gmail.com,7139539524,Coimbatore,Tamil Nadu,India,10/3/2021,11/2/2021,35,40437.58,Premium,1
N0333,Max,Shukla,10/1/1978,Male,max.shukla@gmail.com,9736883992,Delhi,Karnataka,India,6/10/2022,7/13/2025,28,100840.66,VIP,1
N0334,Gaurika,Sarraf,5/1/2004,Female,gaurika.sarraf@gmail.com,9848984958,Bangalore,Karnataka,India,7/29/2021,1/3/2026,50,4094.07,Regular,0
N0335,Chavvi,Chawla,6/26/1987,Female,chavvi.chawla@gmail.com,9394020436,Bangalore,Karnataka,India,8/16/2024,11/15/2025,18,98967.55,VIP,0
N0336,Falan,Prasad,11/18/1978,Male,falan.prasad@gmail.com,9505337568,Pune,Maharashtra,India,4/12/2022,3/13/2026,6,63927.61,VIP,0
N0337,Zaitra,Shukla,8/5/1970,Female,zaitra.shukla@gmail.com,8565339042,Chennai,Tamil Nadu,India,2/8/2022,6/4/2026,6,64802.61,VIP,1
N0338,Jagvi,Garg,11/30/1991,Male,jagvi.garg@gmail.com,7000751090,Mumbai,Maharashtra,India,2/13/2024,9/18/2025,46,115586,VIP,0
N0339,Andrew,Rout,12/20/1974,Female,andrew.rout@gmail.com,8136719628,Hyderabad,Telangana,India,5/13/2022,7/22/2025,34,87255.6,VIP,1
N0340,Eiravati,Shankar,6/17/1972,Male,eiravati.shankar@gmail.com,9176923676,Chennai,Tamil Nadu,India,5/20/2022,1/6/2026,24,87344.49,VIP,0
N0341,Theodore,Raja,4/7/1963,Male,theodore.raja@gmail.com,7262862684,Chennai,Tamil Nadu,India,7/22/2021,2/11/2026,40,118045.59,VIP,1
N0342,Chaaya,Oza,5/17/1969,Male,chaaya.oza@gmail.com,8173987725,Bangalore,Karnataka,India,10/29/2022,9/25/2025,38,109796.98,VIP,0
N0343,Upma,Wason,7/27/1998,Female,upma.wason@gmail.com,8453407637,Mumbai,Maharashtra,India,5/7/2022,7/2/2025,27,57805.03,VIP,1
N0344,Zarna,Iyengar,3/22/1983,Female,zarna.iyengar344@example.com,9048616292,Delhi,Delhi,India,3/28/2025,11/23/2025,22,86584.14,VIP,1
N0345,Oviya,Khosla,1/28/1989,Male,oviya.khosla@gmail.com,12345,Chennai,Tamil Nadu,India,2/4/2024,1/7/2026,48,15934.51,Premium,1
N0346,Saumya,Kata,2/5/1986,Female,saumya.kata@gmail.com,7569616871,Chennai,Tamil Nadu,India,5/26/2025,11/10/2025,47,69506.37,VIP,1
N0347,Rayaan,Suresh,6/22/2004,Male,rayaan.suresh@gmail.com,9302898492,Delhi,Delhi,India,1/13/2023,6/27/2025,24,57565.88,VIP,0
N0348,Wahab,Bali,6/9/1978,Female,wahab.bali@gmail.com,9629855035,Bangalore,Karnataka,India,4/26/2022,6/8/2026,36,84236.79,VIP,1
N0349,Abhimanyu,Khare,2/8/1991,Female,abhimanyu.khare349@example.com,8142165867,Coimbatore,Tamil Nadu,India,2/24/2025,4/12/2026,11,8066.2,Regular,1
N0350,Indali,Nanda,11/25/1973,Male,indali.nanda@gmail.com,9000000349,Pune,Maharashtra,India,6/24/2022,8/26/2025,33,93534.33,VIP,0
N0351,Fitan,Radhakrishnan,8/5/1986,Female,fitan.radhakrishnan@gmail.com,7258495592,Delhi,Delhi,India,8/1/2021,3/5/2026,23,47076.17,VIP,1
N0352,Aradhana,Sridhar,7/7/1963,Male,aradhana.sridhar@gmail.com,6639590685,Mumbai,Maharashtra,India,9/13/2023,10/31/2025,21,36373.88,Premium,1
N0353,Kai,Bhagat,3/28/2008,Female,kai.bhagat@gmail.com,8809843021,Pune,Maharashtra,India,9/30/2023,10/31/2025,22,101712.88,VIP,0
N0354,Oni,Aurora,12/2/1988,Female,oni.aurora@gmail.com,8768266765,Hyderabad,Telangana,India,2/10/2022,7/7/2025,12,1671.34,New,0
N0355,Vedika,Gade,9/23/1996,Female,vedika.gade@gmail.com,6437751809,Mumbai,Maharashtra,India,4/11/2023,4/26/2026,43,115990.39,VIP,1
N0356,Agastya,Tak,4/24/1988,Male,agastya.tak@gmail.com,6857953791,Mumbai,Maharashtra,India,2/12/2025,2/17/2026,35,85026.4,VIP,0
N0357,Mitali,Mane,9/11/1987,Male,mitali.mane@gmail.com,12345,Hyderabad,Telangana,India,11/16/2023,5/28/2026,50,87104.99,VIP,0
N0358,Tara,Bahri,5/25/1994,Female,tara.bahri@gmail.com,7368878290,Mumbai,Maharashtra,India,2/1/2024,9/17/2025,31,3466.96,New,0
N0359,Mitesh,Kothari,11/20/1972,Male,mitesh.kothari359@example.com,8745310613,Chennai,Tamil Nadu,India,10/13/2023,7/20/2025,1,117070.2,VIP,1
N0360,Yamini,Kibe,4/14/1983,Male,yamini.kibe@gmail.com,8940709953,Bangalore,Karnataka,India,1/20/2024,11/14/2025,12,46073.37,VIP,0
N0361,Irya,Venkataraman,10/26/1990,Male,irya.venkataraman@gmail.com,6681303655,Madurai,Tamil Nadu,India,4/1/2023,1/8/2026,43,65442.06,VIP,0
N0362,Chatresh,Vaidya,3/15/1985,Male,chatresh.vaidya@gmail.com,6422182383,Delhi,Delhi,India,11/2/2022,3/5/2026,47,23040.96,Premium,0
N0363,Vansha,More,4/8/1984,Female,vansha.more@gmail.com,6590747199,Chennai,Tamil Nadu,India,5/30/2024,7/12/2025,33,25284.57,Premium,0
N0364,Daksh,Bhasin,12/17/1998,Female,daksh.bhasin@gmail.com,8788609743,Hyderabad,Telangana,India,8/10/2022,4/7/2026,27,49788.35,VIP,0
N0365,Naveen,Sachar,4/13/1997,Female,naveen.sachar@gmail.com,6334292420,Delhi,Tamil Nadu,India,3/27/2023,4/15/2026,27,61483.84,VIP,1
N0366,Chaman,Agarwal,8/25/1974,Female,chaman.agarwal@gmail.com,9411390406,Chennai,Tamil Nadu,India,7/6/2022,6/24/2025,44,90411.29,VIP,0
N0367,Dev,Raju,12/18/1993,Female,dev.raju367@example.com,9576860858,Kolkata,West Bengal,India,9/7/2024,4/30/2026,11,62622.79,VIP,1
N0368,Joshua,Savant,1/3/1992,Male,joshua.savant@gmail.com,8818437497,Coimbatore,Tamil Nadu,India,10/11/2024,5/20/2026,22,7444.07,Regular,1
N0369,Bhanumati,Bala,11/15/1988,Female,bhanumati.bala@gmail.com,7967834589,Delhi,Delhi,India,2/2/2025,2/18/2026,25,1002.74,New,0
N0370,Triya,Parsa,10/21/2006,Female,triya.parsa@gmail.com,9550257474,Pune,Maharashtra,India,5/31/2024,3/18/2026,4,41423.25,Premium,0
N0371,Urishilla,Balan,11/15/1985,Female,urishilla.balan@gmail.com,8140357183,Hyderabad,Telangana,India,2/26/2022,7/16/2025,6,26386.94,Premium,0
N0372,Arin,Kapur,7/5/1998,Female,arin.kapur@gmail.com,6181825276,Kolkata,West Bengal,India,10/3/2022,10/18/2025,18,24498.39,Premium,1
N0373,Ucchal,Bhagat,4/4/2006,Male,ucchal.bhagat@gmail.com,7410482030,Mumbai,Maharashtra,India,9/17/2024,1/29/2026,3,33216.81,Premium,1
N0374,Sai,Sahota,10/1/2004,Female,sai.sahota@gmail.com,9718896441,Mumbai,Maharashtra,India,12/28/2023,3/9/2026,38,34624.68,Premium,0
N0375,Atharv,Wadhwa,10/17/2005,Female,atharv.wadhwa@gmail.com,7703613228,Madurai,Tamil Nadu,India,3/14/2024,5/15/2026,41,103078.37,VIP,0
N0376,Reyansh,Kant,11/7/2001,Female,reyansh.kant@gmail.com,9845652216,Pune,Maharashtra,India,1/12/2023,3/28/2026,15,35217.9,Premium,0
N0377,Ikshita,Sant,3/27/2004,Female,ikshita.sant377@example.com,7762695172,Coimbatore,Tamil Nadu,India,9/16/2021,1/6/2026,44,13100.88,Premium,1
N0378,Dalbir,Bala,9/18/2006,Female,dalbir.bala@gmail.com,9000000377,Pune,Maharashtra,India,7/21/2022,9/28/2025,21,79415.5,VIP,0
N0379,Pahal,Dara,10/11/1978,Female,pahal.dara@gmail.com,6266562968,Pune,Maharashtra,India,12/7/2024,10/18/2025,9,59313.56,VIP,1
N0380,Rushil,Nagar,10/29/1987,Male,rushil.nagar380@example.com,9194617231,Bangalore,Karnataka,India,1/19/2024,4/29/2026,50,48516.42,VIP,1
N0381,Falan,Jha,4/13/1970,Female,falan.jha@gmail.com,12345,Mumbai,Maharashtra,India,8/21/2022,12/19/2025,32,73974.72,VIP,0
N0382,Ishani,Mall,7/1/1985,Female,ishani.mall@gmail.com,8055563969,Mumbai,Maharashtra,India,7/25/2022,1/15/2026,4,58150.53,VIP,1
N0383,Tripti,Vaidya,7/28/1966,Male,tripti.vaidya@gmail.com,7717461825,Pune,Maharashtra,India,6/19/2022,2/13/2026,33,119474.62,VIP,0
N0384,Anvi,Pall,10/28/1976,Male,anvi.pall384@example.com,9650283261,Delhi,Delhi,India,10/16/2024,2/5/2026,36,1749.19,New,0
N0385,Teerth,Rout,1/14/2005,Female,teerth.rout@gmail.com,6177214893,Coimbatore,Tamil Nadu,India,7/1/2022,9/10/2025,1,45159.78,VIP,0
N0386,Chakradev,Sur,6/29/1981,Male,chakradev.sur@gmail.com,9559595073,Bangalore,Karnataka,India,9/5/2024,1/9/2026,1,14821.19,Premium,1
N0387,Devansh,Toor,3/15/2005,Female,devansh.toor@gmail.com,6046577917,Bangalore,Karnataka,India,3/22/2023,10/17/2025,31,112559.86,VIP,1
N0388,Warjas,Lad,9/7/2002,Male,warjas.lad388@example.com,7414021061,Coimbatore,Tamil Nadu,India,5/30/2024,9/12/2025,9,88142.35,VIP,0
N0389,Advika,Bains,7/13/1961,Male,advika.bains@gmail.com,6586691364,Bangalore,Karnataka,India,9/8/2023,1/22/2026,15,26123.68,Premium,0
N0390,Vanya,Ganguly,12/10/2006,Female,vanya.ganguly@gmail.com,9515290902,Hyderabad,Telangana,India,4/25/2025,5/25/2025,24,26811.41,Premium,1
N0391,Frederick,Pau,7/30/1973,Female,frederick.pau@gmail.com,9296798545,Delhi,Delhi,India,11/22/2023,2/16/2026,19,110267.15,VIP,1
N0392,Waida,Deo,7/9/1983,Female,waida.deo@gmail.com,6428750167,Madurai,Tamil Nadu,India,11/15/2024,2/18/2026,17,81921.14,VIP,0
N0393,Odika,Swamy,5/23/2000,Female,odika.swamy@gmail.com,7558182579,Bangalore,Karnataka,India,8/7/2023,4/16/2026,11,30651.61,Premium,0
N0394,Nachiket,Agate,12/27/1993,Male,nachiket.agate@gmail.com,8458416745,Delhi,Delhi,India,12/2/2022,9/4/2025,5,43270.85,VIP,0
N0395,Aayush,Mallick,10/21/1980,Male,aayush.mallick@gmail.com,7001636122,Hyderabad,Telangana,India,6/4/2025,3/11/2026,42,103075.89,VIP,0
N0396,Nitesh,Andra,8/25/1993,Male,nitesh.andra@gmail.com,7939729933,Mumbai,Maharashtra,India,12/12/2021,3/26/2026,2,104815.27,VIP,1
N0397,Advaith,Sen,6/27/1995,Male,advaith.sen@gmail.com,7471413436,Delhi,Maharashtra,India,3/11/2025,4/19/2026,33,32853.46,Premium,0
N0398,Ira,Sinha,12/17/1990,Male,ira.sinha@gmail.com,7120313704,Delhi,Delhi,India,3/4/2025,9/15/2025,32,93721.58,VIP,0
N0399,Kalpit,Sampath,9/8/1979,Female,kalpit.sampath@gmail.com,9663510563,Madurai,Tamil Nadu,India,4/30/2024,9/6/2025,17,118966.13,VIP,0
N0400,Owen,Loke,3/28/1971,Female,owen.loke@gmail.com,9255962251,Bangalore,Karnataka,India,6/26/2023,11/12/2025,43,62075.15,VIP,0
N0401,Maya,Chaudhary,12/11/1987,Female,maya.chaudhary@gmail.com,6153875584,Kolkata,West Bengal,India,6/3/2022,11/16/2025,18,7386.16,Regular,0
N0402,Abeer,Mohanty,9/20/1986,Male,abeer.mohanty@gmail.com,9826656376,Hyderabad,Telangana,India,2/25/2024,3/23/2026,5,108564.29,VIP,0
N0403,Ishanvi,Bose,4/29/1982,Male,ishanvi.bose@gmail.com,8650068595,Bangalore,Karnataka,India,1/7/2023,6/2/2026,18,94533.5,VIP,1
N0404,Ojasvi,Salvi,8/27/1971,Female,ojasvi.salvi@gmail.com,6702148570,Pune,Maharashtra,India,8/30/2021,1/18/2026,1,67390.76,VIP,1
N0405,Rajata,Kashyap,5/27/1999,Female,rajata.kashyap@gmail.com,7583925684,Delhi,Delhi,India,8/4/2024,4/29/2026,20,114210.06,VIP,0
N0406,Dhriti,Subramaniam,8/9/1998,Male,dhriti.subramaniam@gmail.com,7693373581,Bangalore,Karnataka,India,1/31/2023,6/5/2026,8,82050.85,VIP,0
N0407,Jagdish,Nagarajan,8/26/2007,Male,jagdish.nagarajan@gmail.com,9931109686,Coimbatore,Tamil Nadu,India,9/11/2021,10/17/2025,21,22437.83,Premium,0
N0408,Ridhi,Swaminathan,11/5/1987,Male,ridhi.swaminathan@gmail.com,7137271370,Bangalore,Karnataka,India,5/26/2025,11/1/2025,15,79979.7,VIP,1
N0409,Daksh,Mahal,11/21/1973,Female,daksh.mahal@gmail.com,9000000408,Bangalore,Karnataka,India,4/10/2025,11/13/2025,8,96559.97,VIP,0
N0410,Bhavya,Barad,11/6/1965,Female,bhavya.barad@gmail.com,7946188227,Kolkata,West Bengal,India,5/22/2024,8/8/2025,35,99951.3,VIP,0
N0411,Kala,Mall,11/10/1984,Male,kala.mall@gmail.com,6662031958,Hyderabad,Telangana,India,6/4/2024,6/1/2026,5,39555.85,Premium,1
N0412,Kamala,Bassi,6/19/1978,Female,kamala.bassi@gmail.com,7688656770,Chennai,Tamil Nadu,India,11/19/2021,4/13/2026,10,56775.07,VIP,0
N0413,Madhav,Prabhu,1/22/1999,Male,madhav.prabhu@gmail.com,9348825393,Kolkata,West Bengal,India,5/13/2025,8/6/2025,30,117359.51,VIP,1
N0414,Gopal,Bansal,1/4/2006,Female,gopal.bansal@gmail.com,7419210210,Pune,Maharashtra,India,1/7/2024,7/16/2025,17,59274.37,VIP,0
N0415,Avni,Gala,11/29/2003,Male,avni.gala@gmail.com,6938577577,Coimbatore,Tamil Nadu,India,2/3/2022,8/25/2025,49,87979.12,VIP,1
N0416,Jason,Sharaf,9/24/1998,Male,jason.sharaf@gmail.com,6895997159,Mumbai,Maharashtra,India,8/19/2022,6/20/2025,35,18412.35,Premium,1
N0417,Upma,Bhandari,9/15/1967,Female,upma.bhandari@gmail.com,9382305286,Kolkata,West Bengal,India,8/20/2021,6/28/2025,36,43429.19,VIP,0
N0418,Lopa,Sanghvi,8/15/1969,Male,lopa.sanghvi@gmail.com,9417773294,Pune,Maharashtra,India,4/20/2022,8/19/2025,45,3960.29,New,1
N0419,Suhani,Saxena,10/20/1983,Male,suhani.saxena@gmail.com,8056253038,Kolkata,West Bengal,India,2/9/2023,8/14/2025,45,112177.13,VIP,1
N0420,Logan,Kuruvilla,11/2/1965,Male,logan.kuruvilla@gmail.com,9741866175,Mumbai,Maharashtra,India,12/3/2022,10/7/2025,24,40542.43,Premium,0
N0421,Ubika,Thakur,6/14/1996,Male,ubika.thakur@gmail.com,7990439199,Delhi,Delhi,India,4/15/2023,3/11/2026,29,30482.94,Premium,1
N0422,Harshil,Sharma,8/17/1968,Female,harshil.sharma422@example.com,8548860628,Delhi,Delhi,India,8/5/2021,3/22/2026,25,106652.81,VIP,1
N0423,Timothy,Mittal,10/22/1967,Female,timothy.mittal@gmail.com,6384772214,Kolkata,West Bengal,India,4/18/2025,4/9/2026,26,51385.46,VIP,0
N0424,Ira,Thakur,3/2/2007,Female,ira.thakur@gmail.com,9000000423,Madurai,Tamil Nadu,India,11/3/2023,12/22/2025,19,83373.62,VIP,1
N0425,Abeer,Bansal,6/7/1965,Female,abeer.bansal@gmail.com,8357354777,Chennai,Tamil Nadu,India,1/1/2024,11/30/2025,17,36440.81,Premium,0
N0426,Guneet,Koshy,2/16/2003,Male,guneet.koshy@gmail.com,6645585109,Coimbatore,Tamil Nadu,India,8/30/2024,7/19/2025,3,18067.83,Premium,0
N0427,Abha,Majumdar,7/15/1979,Male,abha.majumdar@gmail.com,7943498972,Bangalore,Karnataka,India,5/25/2023,2/6/2026,33,53965.32,VIP,0
N0428,Hardik,Sibal,10/16/1983,Male,hardik.sibal@gmail.com,9838195949,Madurai,Tamil Nadu,India,1/25/2025,3/13/2026,44,27991.84,Premium,1
N0429,Indrajit,Solanki,9/1/1964,Female,indrajit.solanki@gmail.com,6327048631,Bangalore,Karnataka,India,1/9/2024,8/27/2025,18,1125.92,New,1
N0430,Ati,Iyer,8/5/1991,Male,ati.iyer@gmail.com,9560985819,Chennai,Tamil Nadu,India,11/13/2021,2/14/2026,31,109656.93,VIP,1
N0431,Ayushman,Bahri,9/9/1997,Male,ayushman.bahri@gmail.com,9183880024,Mumbai,Maharashtra,India,8/21/2024,2/10/2026,7,19216.97,Premium,1
N0432,Fitan,Baral,9/12/1964,Male,fitan.baral@gmail.com,6368440927,Bangalore,Karnataka,India,3/19/2023,1/25/2026,35,41577.62,Premium,1
N0433,Gunbir,Bajaj,8/26/1978,Female,gunbir.bajaj@gmail.com,7667201046,Delhi,Delhi,India,6/24/2023,1/1/2026,18,1872.11,New,1
N0434,Abhiram,Gala,12/12/1997,Male,abhiram.gala@gmail.com,8844916055,Coimbatore,Tamil Nadu,India,5/23/2022,7/3/2025,25,32032.81,Premium,0
N0435,Isaiah,Bahri,3/11/1988,Male,isaiah.bahri@gmail.com,9427331531,Hyderabad,Telangana,India,9/6/2024,4/12/2026,8,109137.51,VIP,1
N0436,Ria,Rastogi,11/17/1979,Male,ria.rastogi@gmail.com,9000000435,Chennai,Tamil Nadu,India,12/3/2024,9/25/2025,32,54199.8,VIP,1
N0437,Upkaar,Balay,8/13/1968,Female,upkaar.balay@gmail.com,9437086565,Delhi,Delhi,India,8/9/2024,5/8/2026,12,81515.51,VIP,1
N0438,Ekalinga,Char,7/27/2002,Female,ekalinga.char@gmail.com,6513742349,Hyderabad,Telangana,India,6/26/2022,1/13/2026,4,27261.11,Premium,0
N0439,Jatin,Gola,9/11/1973,Male,jatin.gola@gmail.com,8598620285,Hyderabad,Telangana,India,6/3/2024,7/6/2025,34,98824.6,VIP,0
N0440,Pavani,Bora,4/17/2003,Female,pavani.bora@gmail.com,8400573680,Hyderabad,Telangana,India,12/13/2021,10/30/2025,48,103752.28,VIP,1
N0441,Alexander,Sachar,12/2/1989,Male,alexander.sachar@gmail.com,7645110144,Kolkata,West Bengal,India,9/24/2024,5/16/2026,44,41505.39,Premium,1
N0442,Vasatika,Sethi,2/22/2005,Male,vasatika.sethi@gmail.com,6181647409,Chennai,Tamil Nadu,India,3/12/2024,2/19/2026,18,18175.91,Premium,0
N0443,Harini,Bhalla,10/17/1996,Female,harini.bhalla@gmail.com,9889742586,Hyderabad,Telangana,India,8/9/2024,1/11/2026,48,93598.43,VIP,1
N0444,Tarak,Mukhopadhyay,12/30/1998,Female,tarak.mukhopadhyay@gmail.com,6639789583,Bangalore,Karnataka,India,7/2/2023,1/29/2026,48,41195.47,Premium,0
N0445,Kalpit,Khare,7/12/1965,Male,kalpit.khare@gmail.com,6972735448,Bangalore,Karnataka,India,3/7/2022,4/14/2026,37,18745.89,Premium,0
N0446,Shivansh,Mann,6/3/1994,Female,shivansh.mann@gmail.com,7970066038,Pune,Maharashtra,India,5/26/2025,4/11/2026,37,96224.47,VIP,0
N0447,Sathvik,Srinivasan,9/23/1981,Female,sathvik.srinivasan@gmail.com,6330216888,Madurai,Tamil Nadu,India,2/26/2023,11/22/2025,18,48800.24,VIP,1
N0448,Yadavi,Chand,8/30/1975,Male,yadavi.chand@gmail.com,7944685712,Delhi,Telangana,India,11/24/2022,6/26/2025,35,98469.98,VIP,0
N0449,Isha,Dhar,12/26/1996,Female,isha.dhar@gmail.com,8777204758,Chennai,Tamil Nadu,India,10/20/2023,4/1/2026,25,22157.71,Premium,1
N0450,Garima,Taneja,6/3/1963,Male,garima.taneja@gmail.com,12345,Chennai,Tamil Nadu,India,3/13/2025,6/29/2025,30,108060.48,VIP,0
N0451,Kamya,Bahl,10/26/1982,Female,kamya.bahl@gmail.com,9011264693,Delhi,Delhi,India,11/3/2021,7/27/2025,42,80687.21,VIP,0
N0452,Oviya,Shanker,5/1/2007,Female,oviya.shanker@gmail.com,8811286723,Coimbatore,Tamil Nadu,India,7/17/2023,10/22/2025,29,58921.99,VIP,0
N0453,Bhavani,Dass,3/8/1994,Female,bhavani.dass@gmail.com,6326963991,Pune,Maharashtra,India,11/1/2023,4/16/2026,9,23687.02,Premium,1
N0454,Yadavi,Dara,9/24/1994,Female,yadavi.dara@gmail.com,7840714512,Coimbatore,Tamil Nadu,India,11/14/2022,5/6/2026,17,112763.26,VIP,1
N0455,Gaurang,Panchal,12/5/1989,Male,gaurang.panchal@gmail.com,7117652490,Delhi,Delhi,India,6/21/2023,5/1/2026,19,96147.01,VIP,0
N0456,Zaitra,Trivedi,4/30/1977,Male,zaitra.trivedi@gmail.com,9760618919,Coimbatore,Tamil Nadu,India,5/12/2025,10/10/2025,27,72288.54,VIP,1
N0457,Arunima,Bava,4/3/1977,Male,arunima.bava@gmail.com,6753536949,Mumbai,Maharashtra,India,11/18/2024,6/18/2025,14,76147.95,VIP,1
N0458,Triya,Sangha,10/13/1974,Male,triya.sangha@gmail.com,9197431467,Delhi,Delhi,India,5/15/2023,10/22/2025,23,101893.87,VIP,1
N0459,Lila,Dugar,5/5/1997,Female,lila.dugar@gmail.com,8532665627,Hyderabad,Telangana,India,2/14/2025,1/23/2026,26,70241.26,VIP,0
N0460,Ubika,Thakkar,6/2/1972,Male,ubika.thakkar@gmail.com,6243626007,Pune,Maharashtra,India,3/22/2022,5/7/2026,29,113152.76,VIP,0
N0461,Bina,Dugal,4/12/1970,Female,bina.dugal@gmail.com,8554912962,Coimbatore,Tamil Nadu,India,1/9/2022,4/5/2026,8,95826.97,VIP,1
N0462,Urvashi,Sen,11/8/1967,Male,urvashi.sen@gmail.com,8430901631,Madurai,Tamil Nadu,India,1/2/2023,10/29/2025,30,47511.55,VIP,0
N0463,Lakshit,Vig,3/12/2001,Female,lakshit.vig@gmail.com,7427464580,Delhi,Delhi,India,5/7/2023,10/6/2025,31,10108.13,Regular,0
N0464,Zansi,Barman,7/12/1964,Male,zansi.barman@gmail.com,7968824742,Hyderabad,Telangana,India,10/7/2022,10/24/2025,18,3304.03,New,0
N0465,Bimala,Wason,11/18/2006,Female,bimala.wason@gmail.com,7972795843,Kolkata,West Bengal,India,2/1/2024,9/17/2025,7,41411.51,Premium,1
N0466,Triya,Gupta,3/3/1983,Male,triya.gupta@gmail.com,8032226985,Mumbai,Maharashtra,India,3/6/2023,10/1/2025,24,67153.15,VIP,1
N0467,Vasudha,Chada,6/7/2003,Female,vasudha.chada@gmail.com,8941948460,Kolkata,West Bengal,India,11/22/2023,7/1/2025,26,83987.17,VIP,0
N0468,Jairaj,Kumar,11/27/1987,Male,jairaj.kumar@gmail.com,7343214427,Delhi,Delhi,India,8/7/2024,4/4/2026,12,72283.66,VIP,0
N0469,Faras,Chanda,6/3/1972,Male,faras.chanda@gmail.com,9671551831,Kolkata,West Bengal,India,1/5/2024,11/29/2025,27,107082.4,VIP,0
N0470,Megha,Dash,9/5/1980,Male,megha.dash@gmail.com,6946512167,Madurai,Tamil Nadu,India,6/24/2024,4/21/2026,32,28935.48,Premium,0
N0471,Mitesh,Bhardwaj,8/20/1988,Female,mitesh.bhardwaj@gmail.com,7512549989,Coimbatore,Tamil Nadu,India,7/30/2022,7/23/2025,41,31187.24,Premium,0
N0472,Xalak,Jaggi,2/27/1984,Male,xalak.jaggi@gmail.com,7054504257,Delhi,Delhi,India,7/3/2022,8/25/2025,2,1867.73,New,1
N0473,Yashawini,Sidhu,12/5/1987,Female,yashawini.sidhu@gmail.com,9827929038,Coimbatore,Tamil Nadu,India,2/14/2024,2/4/2026,43,52523.03,VIP,0
N0474,Bhavini,Saxena,6/15/1973,Male,bhavini.saxena@gmail.com,6554697118,Mumbai,Maharashtra,India,10/19/2023,7/4/2025,15,30586.51,Premium,1
N0475,Michael,Krishna,11/27/2003,Female,michael.krishna@gmail.com,7425956625,Bangalore,Karnataka,India,8/1/2022,2/27/2026,37,36735.6,Premium,0
N0476,Nakul,Char,8/31/1963,Male,nakul.char@gmail.com,8632419910,Delhi,Tamil Nadu,India,9/16/2021,2/2/2026,30,119458.09,VIP,0
N0477,Zashil,Pingle,8/21/1964,Female,zashil.pingle@gmail.com,6223352204,Madurai,Tamil Nadu,India,8/10/2021,2/16/2026,6,62770.45,VIP,1
N0478,Nitesh,Yogi,5/2/1972,Female,nitesh.yogi@gmail.com,8815412939,Pune,Maharashtra,India,5/18/2022,11/7/2025,45,1245.91,New,0
N0479,Waida,Sarna,1/25/1977,Male,waida.sarna@gmail.com,8025658336,Pune,Maharashtra,India,1/6/2025,8/27/2025,40,44194.81,VIP,0
N0480,Ekiya,Suri,1/2/1970,Male,ekiya.suri@gmail.com,9866668129,Delhi,Delhi,India,10/14/2021,8/4/2025,24,79423.36,VIP,0
N0481,Kashvi,Rout,5/2/2006,Female,kashvi.rout@gmail.com,9492024525,Mumbai,Maharashtra,India,2/27/2024,11/30/2025,16,90079.01,VIP,0
N0482,Rachit,Bhagat,5/3/1994,Male,rachit.bhagat@gmail.com,6673215093,Coimbatore,Tamil Nadu,India,8/23/2024,11/30/2025,35,48703.84,VIP,0
N0483,Ronith,Magar,11/20/1993,Female,ronith.magar@gmail.com,6332163338,Bangalore,Karnataka,India,7/3/2023,1/16/2026,33,25816.25,Premium,1
N0484,Advay,Varkey,12/4/1982,Male,advay.varkey@gmail.com,6746533909,Mumbai,Maharashtra,India,7/8/2021,5/22/2026,6,31435.53,Premium,0
N0485,Xiti,Vasa,5/9/1986,Male,xiti.vasa485@example.com,7115401478,Pune,Maharashtra,India,1/1/2024,8/21/2025,48,95342.36,VIP,1
N0486,Harrison,Srinivasan,3/28/1967,Male,harrison.srinivasan@gmail.com,7347124328,Delhi,Delhi,India,7/27/2021,5/4/2026,50,50991.93,VIP,0
N0487,Rishi,Thakur,2/7/1968,Male,rishi.thakur@gmail.com,6605314604,Delhi,Delhi,India,12/10/2022,2/11/2026,40,62550.11,VIP,0
N0488,Girindra,Nagy,8/9/1999,Female,girindra.nagy@gmail.com,8017624160,Madurai,Tamil Nadu,India,1/20/2025,2/22/2026,49,28600.74,Premium,0
N0489,Zayan,Soman,10/19/1995,Male,zayan.soman@gmail.com,7775764776,Pune,Maharashtra,India,9/26/2024,11/15/2025,49,72117.97,VIP,1
N0490,Odika,Kanda,6/28/1971,Male,odika.kanda@gmail.com,6565095753,Mumbai,Maharashtra,India,1/9/2023,12/21/2025,45,102223.71,VIP,1
N0491,Robert,Pandya,10/21/1998,Female,robert.pandya@gmail.com,6129809444,Chennai,Tamil Nadu,India,7/2/2023,8/10/2025,40,41544.2,Premium,1
N0492,Ira,Babu,5/17/1963,Male,ira.babu@gmail.com,6343500864,Coimbatore,Tamil Nadu,India,12/7/2022,1/29/2026,18,76236.81,VIP,1
N0493,Fitan,Oak,7/10/1961,Female,fitan.oak@gmail.com,8579688703,Kolkata,West Bengal,India,9/26/2021,6/17/2025,4,69238.35,VIP,0
N0494,Aadi,Dixit,8/25/1998,Female,aadi.dixit@gmail.com,7382818251,Kolkata,West Bengal,India,1/1/2024,6/17/2025,11,34779.95,Premium,1
N0495,Nidra,Bhatia,1/26/1993,Female,nidra.bhatia@gmail.com,8690935838,Mumbai,Maharashtra,India,11/7/2023,11/20/2025,28,55833.38,VIP,0
N0496,Lohit,Vyas,1/20/1963,Male,lohit.vyas@gmail.com,6964322743,Coimbatore,Tamil Nadu,India,2/24/2024,7/30/2025,22,21588.23,Premium,0
N0497,Oliver,Roy,10/2/1992,Male,oliver.roy@gmail.com,12345,Kolkata,West Bengal,India,2/11/2024,3/12/2024,2,4474.09,Regular,1
N0498,Pahal,Bawa,12/23/1974,Male,pahal.bawa@gmail.com,8906543881,Kolkata,West Bengal,India,3/15/2024,3/21/2026,23,58266.09,VIP,0
N0499,Charles,Sengupta,9/12/1967,Male,charles.sengupta@gmail.com,9918433986,Coimbatore,Tamil Nadu,India,12/26/2024,5/12/2026,31,62062.48,VIP,1
N0500,Upadhriti,Biswas,5/1/1993,Male,upadhriti.biswas@gmail.com,8937240859,Bangalore,Karnataka,India,8/17/2022,3/17/2026,5,58554.01,VIP,0
