"CustomerId";"FirstName";"LastName";"DateOfBIrth";"Gender";"Email";"Phone";"City";"State";"Country";"JoinDate";"LastPurchaseDate";"TotalPurchases";"TotalSpent";"CustomerSegment";"IsActive";"customer_age";"Avg_Spent"
"N0001";"ishwar";"thakur";"1975-11-13";"Female";"ishwar.thakur@gmail.com";"9634702726";"Chennai";"Tamil Nadu";"India";"2023-11-19";"2025-09-11";12;5597.04;"Regular";"0";50;466.42
"N0002";"darsh";"walla";"1961-07-01";"Female";"darsh.walla@gmail.com";"6164571433";"Bangalore";"Karnataka";"India";"2021-07-02";"2026-03-18";22;94223.97;"VIP";"0";64;4282.91
"N0003";"rachana";"om";"1975-09-11";"Female";"rachana.om@gmail.com";"8942628945";"Pune";"Maharashtra";"India";"2022-08-29";"2026-06-14";6;90972.18;"VIP";"1";50;15162.03
"N0004";"aarnav";"kala";"1973-11-17";"Male";"aarnav.kala@gmail.com";"8265046871";"Madurai";"Tamil Nadu";"India";"2021-09-22";"2026-03-26";2;2704.3;"New";"1";52;1352.15
"N0005";"andrew";"pradhan";"1978-01-22";"Female";"andrew.pradhan@gmail.com";"7019856032";"Mumbai";"Maharashtra";"India";"2024-09-01";"2025-07-19";17;44426.74;"VIP";"1";48;2613.34
"N0006";"yahvi";"ram";"1972-11-11";"Female";"yahvi.ram@gmail.com";"6837384462";"Delhi";"Delhi";"India";"2022-10-28";"2026-04-16";22;43492.92;"VIP";"0";53;1976.95
"N0007";"charles";"anne";"1962-08-10";"Female";"charles.anne@gmail.com";"7583273124";"Kolkata";"West Bengal";"India";"2024-01-21";"2026-02-21";12;2459.46;"New";"0";63;204.96
"N0008";"devika";"lad";"1971-07-25";"Male";"devika.lad@gmail.com";"9284777776";"Pune";"Maharashtra";"India";"2023-08-05";"2026-02-18";47;77937.36;"VIP";"1";54;1658.24
"N0009";"vrinda";"gulati";"1974-02-10";"Female";"vrinda.gulati@gmail.com";"9670700223";"Mumbai";"Maharashtra";"India";"2022-01-07";"2025-10-01";22;115799.03;"VIP";"1";52;5263.59
"N0010";"yagnesh";"kakar";"1991-12-31";"Male";"yagnesh.kakar@gmail.com";"7523157211";"Pune";"Maharashtra";"India";"2022-05-05";"2026-04-25";36;95280.66;"VIP";"0";34;2646.69
"N0011";"dipta";"murthy";"1973-07-22";"Male";"dipta.murthy@gmail.com";"7558575746";"Hyderabad";"Telangana";"India";"2024-05-09";"2025-08-02";38;38765.63;"Premium";"1";52;1020.15
"N0012";"yug";"wadhwa";"1961-08-24";"Female";"yug.wadhwa@gmail.com";"9426004704";"Madurai";"Tamil Nadu";"India";"2022-01-14";"2025-12-17";8;91643.83;"VIP";"1";64;11455.48
"N0013";"chanchal";"thakkar";"1965-07-28";"Female";"chanchal.thakkar@gmail.com";"7894130186";"Delhi";"Delhi";"India";"2024-03-10";"2026-01-05";11;62574.97;"VIP";"0";60;5688.63
"N0014";"jagvi";"tara";"1996-05-02";"Male";"jagvi.tara@gmail.com";"7726189075";"Bangalore";"Karnataka";"India";"2024-11-30";"2025-08-20";42;4209.67;"Regular";"0";30;100.23
"N0015";"bishakha";"divan";"1997-06-30";"Male";"bishakha.divan@gmail.com";"7162093985";"Delhi";"Delhi";"India";"2021-06-17";"2025-08-13";22;46525.08;"VIP";"1";28;2114.78
"N0016";"faraj";"pal";"1977-06-03";"Male";"faraj.pal@gmail.com";"9178428731";"Pune";"Maharashtra";"India";"2024-11-22";"2025-11-21";23;113009.4;"VIP";"0";49;4913.45
"N0017";"abeer";"mannan";"2000-06-04";"Male";"abeer.mannan@gmail.com";"8213649455";"Madurai";"Tamil Nadu";"India";"2025-01-20";"2026-05-06";37;20908.91;"Premium";"0";26;565.11
"N0018";"odika";"deshmukh";"1980-07-27";"Female";"odika.deshmukh@gmail.com";"7446204533";"Mumbai";"Maharashtra";"India";"2024-01-01";"2026-02-23";29;118765.18;"VIP";"0";45;4095.35
"N0019";"dipta";"mane";"1963-08-10";"Male";"dipta.mane@gmail.com";"9081930449";"Kolkata";"West Bengal";"India";"2021-11-25";"2025-06-21";19;89501.45;"VIP";"0";62;4710.6
"N0020";"xalak";"dayal";"1970-01-30";"Male";"xalak.dayal@gmail.com";"7637530550";"Kolkata";"West Bengal";"India";"2021-08-06";"2025-09-16";8;109971.53;"VIP";"1";56;13746.44
"N0021";"widisha";"mital";"1991-10-19";"Male";"widisha.mital@gmail.com";"7631300734";"Kolkata";"West Bengal";"India";"2021-11-07";"2026-05-02";33;38141.6;"Premium";"0";34;1155.81
"N0022";"lipika";"kohli";"1971-07-31";"Female";"lipika.kohli@gmail.com";"6140180220";"Coimbatore";"Tamil Nadu";"India";"2021-08-17";"2025-11-21";2;115689.07;"VIP";"0";54;57844.54
"N0023";"radhika";"agate";"1965-12-31";"Male";"radhika.agate@gmail.com";"7048413700";"Delhi";"Delhi";"India";"2024-02-28";"2025-09-10";46;30812.37;"Premium";"1";60;669.83
"N0024";"yuvraj";"lall";"1980-02-13";"Male";"yuvraj.lall@gmail.com";"6739039551";"Mumbai";"Maharashtra";"India";"2022-08-28";"2025-12-04";19;81432.74;"VIP";"0";46;4285.93
"N0025";"manya";"bhakta";"1987-08-28";"Female";"manya.bhakta@gmail.com";"7414854052";"Bangalore";"Karnataka";"India";"2025-04-29";"2025-07-24";16;73147.38;"VIP";"0";38;4571.71
"N0026";"hitesh";"prakash";"1968-09-20";"Male";"hitesh.prakash@gmail.com";"6797264639";"Mumbai";"Maharashtra";"India";"2023-11-04";"2025-11-21";28;115857.68;"VIP";"0";57;4137.77
"N0027";"daksh";"viswanathan";"1962-02-23";"Male";"daksh.viswanathan@gmail.com";"9355534988";"Madurai";"Tamil Nadu";"India";"2024-02-22";"2026-01-12";32;93934.05;"VIP";"1";64;2935.44
"N0028";"manan";"sarkar";"1975-09-19";"Male";"manan.sarkar@gmail.com";"9652609811";"Kolkata";"West Bengal";"India";"2024-10-05";"2026-05-06";9;114825.84;"VIP";"0";50;12758.43
"N0029";"balhaar";"kota";"1997-10-11";"Male";"balhaar.kota@gmail.com";"8762979743";"Chennai";"Tamil Nadu";"India";"2023-12-22";"2026-05-17";42;106491.83;"VIP";"1";28;2535.52
"N0030";"isaac";"kadakia";"1981-01-12";"Male";"isaac.kadakia@gmail.com";"8172636017";"Coimbatore";"Tamil Nadu";"India";"2022-12-18";"2025-08-12";41;89688.1;"VIP";"1";45;2187.51
"N0031";"gopal";"parmar";"1976-12-23";"Female";"gopal.parmar@gmail.com";"9597849605";"Delhi";"Delhi";"India";"2025-01-24";"2025-12-21";36;18069.72;"Premium";"1";49;501.94
"N0032";"bhavya";"kapoor";"1967-09-20";"Female";"bhavya.kapoor@gmail.com";"9000000031";"Bangalore";"Karnataka";"India";"2021-08-27";"2026-02-14";33;18401.84;"Premium";"0";58;557.63
"N0033";"upma";"batta";"2008-03-14";"Male";"upma.batta@gmail.com";"7499005630";"Coimbatore";"Tamil Nadu";"India";"2021-09-05";"2025-06-18";37;25609.46;"Premium";"0";18;692.15
"N0034";"harini";"chandra";"1988-05-29";"Female";"harini.chandra@gmail.com";"8831360226";"Chennai";"Tamil Nadu";"India";"2021-08-28";"2025-11-04";32;105902.69;"VIP";"1";38;3309.46
"N0035";"jatin";"batta";"1994-08-20";"Male";"jatin.batta@gmail.com";"6045719374";"Coimbatore";"Tamil Nadu";"India";"2021-07-31";"2025-10-13";35;64299.27;"VIP";"0";31;1837.12
"N0036";"yash";"dhingra";"1977-12-14";"Female";"yash.dhingra@gmail.com";"9100569760";"Bangalore";"Karnataka";"India";"2023-11-19";"2025-11-14";31;6425.59;"Regular";"0";48;207.28
"N0037";"reyansh";"bail";"1981-02-18";"Female";"reyansh.bail@gmail.com";"9920986285";"Madurai";"Tamil Nadu";"India";"2024-05-11";"2025-11-16";20;52321.49;"VIP";"1";45;2616.07
"N0038";"karan";"khurana";"1999-07-19";"Male";"karan.khurana@gmail.com";"8427269626";"Delhi";"Karnataka";"India";"2021-12-23";"2026-02-09";43;5934.6;"Regular";"1";26;138.01
"N0039";"yug";"shroff";"2003-01-29";"Female";"yug.shroff@gmail.com";"6525905999";"Mumbai";"Maharashtra";"India";"2024-01-25";"2026-01-17";15;42668.17;"Premium";"0";23;2844.54
"N0040";"advika";"biswas";"1997-07-31";"Male";"advika.biswas@gmail.com";"6549599816";"Hyderabad";"Telangana";"India";"2023-06-17";"2025-11-16";46;59313.56;"Premium";"0";28;1289.43
"N0041";"waida";"upadhyay";"1986-04-14";"Male";"waida.upadhyay@gmail.com";"7890342884";"Delhi";"Delhi";"India";"2024-05-17";"2025-09-29";4;107580.63;"VIP";"0";40;26895.16
"N0042";"watika";"kapur";"1995-03-20";"Female";"watika.kapur@gmail.com";"6170095904";"Coimbatore";"Tamil Nadu";"India";"2022-05-11";"2025-11-04";20;53740.39;"VIP";"1";31;2687.02
"N0043";"gauri";"bhasin";"1964-12-16";"Female";"gauri.bhasin43@example.com";"8243661978";"Kolkata";"West Bengal";"India";"2023-12-11";"2026-01-17";21;31660.34;"Premium";"0";61;1507.64
"N0044";"wahab";"yogi";"1962-12-02";"Male";"wahab.yogi44@example.com";"6317545634";"Chennai";"Tamil Nadu";"India";"2021-11-10";"2025-06-21";16;8877.18;"Regular";"1";63;554.82
"N0045";"geetika";"dhillon";"1982-01-04";"Female";"geetika.dhillon@gmail.com";"12345";"Hyderabad";"Telangana";"India";"2023-01-20";"2025-12-01";28;108166.33;"VIP";"1";44;3863.08
"N0046";"dhruv";"mallick";"1972-03-18";"Male";"dhruv.mallick@gmail.com";"9000000045";"Kolkata";"West Bengal";"India";"2025-01-04";"2026-04-26";23;59313.56;"Premium";"1";54;2578.85
"N0047";"pranav";"date";"1965-11-09";"Female";"pranav.date47@example.com";"7737111569";"Madurai";"Tamil Nadu";"India";"2022-07-08";"2026-06-04";42;1630.48;"New";"1";60;38.82
"N0048";"charles";"nayak";"2007-05-23";"Female";"charles.nayak@gmail.com";"8698609929";"Kolkata";"West Bengal";"India";"2024-05-10";"2026-06-11";37;95969.38;"VIP";"1";19;2593.77
"N0049";"pahal";"magar";"1984-01-29";"Male";"pahal.magar@gmail.com";"6884374865";"Chennai";"Tamil Nadu";"India";"2022-10-28";"2025-11-09";46;31202.61;"Premium";"1";42;678.32
"N0050";"mahika";"nair";"1988-04-21";"Male";"mahika.nair@gmail.com";"8442441431";"Coimbatore";"Tamil Nadu";"India";"2024-04-26";"2025-07-24";45;67701.01;"VIP";"1";38;1504.47
"N0051";"anmol";"borra";"1975-09-24";"Female";"anmol.borra@gmail.com";"9963843372";"Madurai";"Tamil Nadu";"India";"2022-06-16";"2026-04-30";18;29983.36;"Premium";"0";50;1665.74
"N0052";"shivansh";"nagarajan";"1967-07-23";"Female";"shivansh.nagarajan@gmail.com";"7226920891";"Mumbai";"Maharashtra";"India";"2023-05-24";"2026-05-14";11;31172.24;"Premium";"0";58;2833.84
"N0053";"owen";"madan";"1985-04-03";"Female";"owen.madan@gmail.com";"12345";"Mumbai";"Maharashtra";"India";"2024-05-10";"2026-03-29";25;119114.02;"VIP";"1";41;4764.56
"N0054";"atharv";"singh";"1998-03-14";"Female";"atharv.singh@gmail.com";"9757155251";"Coimbatore";"Tamil Nadu";"India";"2021-12-19";"2025-08-11";22;99367.84;"VIP";"1";28;4516.72
"N0055";"reyansh";"wadhwa";"1984-08-28";"Male";"reyansh.wadhwa@gmail.com";"8114457695";"Coimbatore";"Tamil Nadu";"India";"2024-05-12";"2026-05-07";22;114314.67;"VIP";"1";41;5196.12
"N0056";"kashvi";"kapoor";"1991-05-21";"Female";"kashvi.kapoor@gmail.com";"8028220757";"Chennai";"Tamil Nadu";"India";"2022-11-17";"2026-05-29";12;18340.27;"Premium";"1";35;1528.36
"N0057";"vyanjana";"badal";"1982-05-05";"Male";"vyanjana.badal@gmail.com";"8412651999";"Chennai";"Tamil Nadu";"India";"2022-07-27";"2025-11-22";5;100967.0;"VIP";"0";44;20193.4
"N0058";"banjeet";"yogi";"1977-07-26";"Male";"banjeet.yogi@gmail.com";"9471001186";"Pune";"Maharashtra";"India";"2024-09-10";"2025-06-20";43;108858.32;"VIP";"1";48;2531.59
"N0059";"rehaan";"palan";"1983-08-20";"Female";"rehaan.palan@gmail.com";"6513898129";"Mumbai";"Maharashtra";"India";"2025-04-07";"2026-01-03";18;59788.44;"VIP";"1";42;3321.58
"N0060";"ekta";"nagarajan";"1967-02-12";"Female";"ekta.nagarajan@gmail.com";"9962818876";"Hyderabad";"Telangana";"India";"2023-01-12";"2025-10-02";22;66033.1;"VIP";"0";59;3001.5
"N0061";"ekiya";"bansal";"1967-07-12";"Female";"ekiya.bansal@gmail.com";"7285673984";"Hyderabad";"Telangana";"India";"2024-12-29";"2026-01-02";2;20745.89;"Premium";"0";58;10372.95
"N0062";"jeet";"kala";"1978-11-28";"Female";"jeet.kala@gmail.com";"8059149729";"Coimbatore";"Tamil Nadu";"India";"2024-07-08";"2025-10-17";23;73354.26;"VIP";"0";47;3189.32
"N0063";"qabil";"shankar";"1980-11-08";"Male";"qabil.shankar@gmail.com";"8679307906";"Hyderabad";"Telangana";"India";"2023-09-24";"2023-10-24";22;20388.34;"Premium";"0";45;926.74
"N0064";"nathan";"sampath";"1975-11-09";"Female";"nathan.sampath@gmail.com";"6356014396";"Hyderabad";"Telangana";"India";"2022-12-31";"2025-09-27";7;109935.08;"VIP";"1";50;15705.01
"N0065";"nihal";"krishna";"2004-03-17";"Male";"nihal.krishna@gmail.com";"9370171196";"Bangalore";"Karnataka";"India";"2025-06-14";"2025-06-18";45;92042.2;"VIP";"0";22;2045.38
"N0066";"megha";"kumar";"1988-02-19";"Male";"megha.kumar@gmail.com";"7649068195";"Hyderabad";"Telangana";"India";"2023-03-27";"2025-09-01";2;14175.05;"Premium";"0";38;7087.53
"N0067";"idika";"kakar";"1963-07-24";"Female";"idika.kakar@gmail.com";"6457274475";"Mumbai";"Maharashtra";"India";"2024-11-22";"2025-10-20";14;109264.65;"VIP";"1";62;7804.62
"N0068";"janya";"sami";"2007-12-11";"Female";"janya.sami@gmail.com";"7591396761";"Bangalore";"Karnataka";"India";"2025-01-10";"2026-05-11";42;61388.99;"VIP";"1";18;1461.64
"N0069";"niharika";"basu";"1997-09-07";"Male";"niharika.basu@gmail.com";"7482139003";"Coimbatore";"Tamil Nadu";"India";"2023-02-09";"2026-03-03";35;2932.41;"New";"1";28;83.78
"N0070";"keya";"sathe";"1983-10-08";"Female";"keya.sathe@gmail.com";"7954333227";"Delhi";"Delhi";"India";"2022-01-29";"2026-02-03";31;56277.34;"VIP";"0";42;1815.4
"N0071";"faris";"mandal";"1967-06-12";"Male";"faris.mandal@gmail.com";"9028583142";"Kolkata";"West Bengal";"India";"2021-07-12";"2026-02-05";41;18658.66;"Premium";"1";59;455.09
"N0072";"geetika";"dhingra";"2007-01-18";"Female";"geetika.dhingra@gmail.com";"9814385209";"Pune";"Maharashtra";"India";"2025-03-11";"2026-03-27";29;17908.21;"Premium";"1";19;617.52
"N0073";"tejas";"iyer";"1985-11-02";"Female";"tejas.iyer@gmail.com";"9727829347";"Chennai";"Tamil Nadu";"India";"2025-03-24";"2025-07-30";41;94367.07;"VIP";"0";40;2301.64
"N0074";"hemal";"nadkarni";"1962-10-22";"Male";"hemal.nadkarni@gmail.com";"7983441308";"Delhi";"Delhi";"India";"2021-12-11";"2026-02-02";46;91010.68;"VIP";"0";63;1978.49
"N0075";"vansha";"nanda";"1986-04-23";"Male";"vansha.nanda@gmail.com";"8809829122";"Delhi";"Delhi";"India";"2021-09-03";"2025-06-19";14;73471.92;"VIP";"0";40;5247.99
"N0076";"kabir";"chopra";"1985-03-24";"Female";"kabir.chopra@gmail.com";"9235236598";"Hyderabad";"Telangana";"India";"2025-03-31";"2025-08-06";41;65368.27;"VIP";"0";41;1594.35
"N0077";"robert";"arora";"1962-05-20";"Female";"robert.arora@gmail.com";"6796544491";"Pune";"Maharashtra";"India";"2025-04-26";"2025-07-09";2;39985.19;"Premium";"0";64;19992.6
"N0078";"hemani";"sinha";"1991-02-02";"Female";"hemani.sinha@gmail.com";"9602639826";"Coimbatore";"Tamil Nadu";"India";"2023-10-09";"2026-06-02";2;44292.81;"VIP";"0";35;22146.41
"N0079";"chandani";"subramanian";"2006-12-20";"Male";"chandani.subramanian@gmail.com";"8283637715";"Bangalore";"Karnataka";"India";"2024-03-28";"2025-06-29";4;25949.68;"Premium";"1";19;6487.42
"N0080";"veer";"pandit";"1977-10-01";"Male";"veer.pandit@gmail.com";"9395297809";"Kolkata";"West Bengal";"India";"2025-03-28";"2026-06-11";5;27629.65;"Premium";"1";48;5525.93
"N0081";"onkar";"atwal";"1964-11-13";"Male";"onkar.atwal@gmail.com";"12345";"Chennai";"Tamil Nadu";"India";"2021-08-16";"2026-02-14";38;64311.76;"VIP";"1";61;1692.41
"N0082";"jeet";"bala";"1971-12-22";"Female";"jeet.bala@gmail.com";"8717755378";"Mumbai";"Maharashtra";"India";"2024-12-09";"2026-04-17";25;14392.36;"Premium";"1";54;575.69
"N0083";"hemani";"mishra";"1994-09-27";"Female";"hemani.mishra@gmail.com";"9000000082";"Madurai";"Tamil Nadu";"India";"2023-08-28";"2025-11-20";37;109513.51;"VIP";"1";31;2959.82
"N0084";"orinder";"sankar";"1992-05-22";"Male";"orinder.sankar@gmail.com";"7051912384";"Chennai";"Tamil Nadu";"India";"2024-11-12";"2025-08-19";12;10345.43;"Regular";"1";34;862.12
"N0085";"wyatt";"issac";"1986-10-17";"Male";"wyatt.issac@gmail.com";"8061261788";"Hyderabad";"Telangana";"India";"2023-07-18";"2025-12-13";43;10484.99;"Regular";"1";39;243.84
"N0086";"harini";"saran";"1979-03-11";"Female";"harini.saran@gmail.com";"9796070881";"Mumbai";"Maharashtra";"India";"2025-01-21";"2025-12-02";43;64575.05;"VIP";"1";47;1501.75
"N0087";"harrison";"thakur";"1981-06-12";"Male";"harrison.thakur@gmail.com";"9865279663";"Bangalore";"Karnataka";"India";"2023-04-02";"2026-02-13";13;58331.23;"VIP";"1";45;4487.02
"N0088";"isha";"choudhury";"1995-07-03";"Female";"isha.choudhury@gmail.com";"7609345788";"Mumbai";"Maharashtra";"India";"2025-02-16";"2025-09-21";22;10928.13;"Regular";"0";30;496.73
"N0089";"devansh";"narasimhan";"1992-06-21";"Male";"devansh.narasimhan@gmail.com";"6473131623";"Pune";"Maharashtra";"India";"2023-03-15";"2026-05-06";3;33845.53;"Premium";"0";33;11281.84
"N0090";"kai";"vasa";"1993-07-04";"Female";"kai.vasa@gmail.com";"9012556520";"Coimbatore";"Tamil Nadu";"India";"2024-08-08";"2026-06-15";49;5526.16;"Regular";"0";32;112.78
"N0091";"max";"shanker";"1973-08-25";"Male";"max.shanker@gmail.com";"6032458001";"Delhi";"Delhi";"India";"2024-09-19";"2025-08-20";7;68656.32;"VIP";"0";52;9808.05
"N0092";"dhriti";"de";"2005-07-06";"Male";"dhriti.de@gmail.com";"9996375809";"Madurai";"Tamil Nadu";"India";"2021-10-03";"2026-04-29";30;109672.6;"VIP";"1";20;3655.75
"N0093";"dev";"ray";"1961-11-23";"Male";"dev.ray@gmail.com";"7356670535";"Mumbai";"Maharashtra";"India";"2022-08-19";"2026-02-21";24;52198.61;"VIP";"1";64;2174.94
"N0094";"fitan";"anand";"1988-02-05";"Male";"fitan.anand@gmail.com";"9127515794";"Kolkata";"West Bengal";"India";"2021-11-27";"2025-12-08";45;113859.98;"VIP";"1";38;2530.22
"N0095";"nisha";"sem";"1975-01-02";"Male";"nisha.sem@gmail.com";"8322600915";"Delhi";"West Bengal";"India";"2022-08-06";"2025-07-09";3;62709.86;"VIP";"1";51;20903.29
"N0096";"nimrat";"chokshi";"1983-04-12";"Female";"nimrat.chokshi@gmail.com";"8124689114";"Mumbai";"Maharashtra";"India";"2024-08-24";"2025-08-19";44;61272.56;"VIP";"0";43;1392.56
"N0097";"geetika";"krish";"1971-12-01";"Female";"geetika.krish@gmail.com";"9420344951";"Mumbai";"Maharashtra";"India";"2025-03-14";"2025-10-22";39;75062.2;"VIP";"0";54;1924.67
"N0098";"panini";"rajagopal";"2006-06-12";"Male";"panini.rajagopal@gmail.com";"8770172447";"Pune";"Maharashtra";"India";"2024-05-25";"2025-11-30";40;80578.51;"VIP";"1";20;2014.46
"N0099";"dalaja";"sama";"1993-10-22";"Female";"dalaja.sama@gmail.com";"9276938286";"Delhi";"Delhi";"India";"2023-03-23";"2025-10-30";40;55327.28;"VIP";"1";32;1383.18
"N0100";"urmi";"dalal";"1961-10-04";"Female";"urmi.dalal100@example.com";"8932182817";"Hyderabad";"Telangana";"India";"2022-04-20";"2026-03-30";23;1813.29;"New";"0";64;78.84
"N0101";"nitesh";"bhasin";"1993-01-24";"Male";"nitesh.bhasin@gmail.com";"8631667723";"Mumbai";"Maharashtra";"India";"2025-03-21";"2025-09-08";20;50578.17;"VIP";"1";33;2528.91
"N0102";"zayan";"devi";"1987-07-11";"Female";"zayan.devi@gmail.com";"7478418665";"Madurai";"Tamil Nadu";"India";"2021-12-28";"2026-02-18";2;9305.65;"Regular";"0";38;4652.83
"N0103";"wridesh";"karnik";"1985-01-23";"Male";"wridesh.karnik@gmail.com";"6538529828";"Pune";"Maharashtra";"India";"2022-05-04";"2026-04-04";33;11814.97;"Regular";"0";41;358.03
"N0104";"vinaya";"merchant";"2005-08-12";"Female";"vinaya.merchant@gmail.com";"7342233866";"Bangalore";"Karnataka";"India";"2025-04-22";"2026-03-02";34;118672.61;"VIP";"1";20;3490.37
"N0105";"charita";"shan";"1998-11-28";"Female";"charita.shan@gmail.com";"6625096904";"Coimbatore";"Tamil Nadu";"India";"2023-05-04";"2025-12-28";31;50599.36;"VIP";"1";27;1632.24
"N0106";"balhaar";"rege";"1968-02-04";"Female";"balhaar.rege@gmail.com";"9707199175";"Coimbatore";"Tamil Nadu";"India";"2024-02-12";"2026-01-09";48;25536.14;"Premium";"1";58;532.0
"N0107";"eesha";"shetty";"2000-10-23";"Male";"eesha.shetty@gmail.com";"8265657481";"Hyderabad";"Telangana";"India";"2024-01-01";"2026-05-02";49;97770.12;"VIP";"1";25;1995.31
"N0108";"tanmayi";"sant";"1976-02-11";"Male";"tanmayi.sant@gmail.com";"9162025969";"Bangalore";"Karnataka";"India";"2024-07-06";"2026-01-27";18;51093.18;"VIP";"0";50;2838.51
"N0109";"vrishti";"johal";"1992-07-15";"Male";"vrishti.johal@gmail.com";"6851913686";"Bangalore";"Karnataka";"India";"2023-10-30";"2025-10-13";5;117990.64;"VIP";"1";33;23598.13
"N0110";"nihal";"tella";"1985-08-17";"Male";"nihal.tella@gmail.com";"6901591901";"Bangalore";"Karnataka";"India";"2024-12-23";"2026-06-13";50;89456.18;"VIP";"0";40;1789.12
"N0111";"gaurika";"peri";"1993-12-06";"Female";"gaurika.peri@gmail.com";"9000000110";"Delhi";"Delhi";"India";"2021-07-12";"2025-07-01";31;22651.36;"Premium";"1";32;730.69
"N0112";"oni";"lall";"1977-08-07";"Male";"oni.lall@gmail.com";"8176596437";"Bangalore";"Karnataka";"India";"2024-03-21";"2026-05-17";29;7930.69;"Regular";"1";48;273.47
"N0113";"devika";"kulkarni";"2005-07-11";"Female";"devika.kulkarni@gmail.com";"8066562501";"Pune";"Maharashtra";"India";"2025-01-19";"2025-11-14";20;54487.08;"VIP";"0";20;2724.35
"N0114";"yutika";"gade";"1963-02-21";"Male";"yutika.gade@gmail.com";"7729022391";"Madurai";"Tamil Nadu";"India";"2025-03-12";"2025-10-14";24;34239.46;"Premium";"0";63;1426.64
"N0115";"dipta";"chaudhari";"1969-09-23";"Male";"dipta.chaudhari@gmail.com";"9482498070";"Hyderabad";"Telangana";"India";"2022-10-21";"2026-01-11";40;95294.98;"VIP";"1";56;2382.37
"N0116";"hemani";"goel";"1985-10-30";"Female";"hemani.goel@gmail.com";"6718675475";"Delhi";"Delhi";"India";"2025-04-13";"2025-07-18";20;43607.97;"VIP";"0";40;2180.4
"N0117";"hemangini";"ratti";"1978-12-26";"Male";"hemangini.ratti@gmail.com";"9537841883";"Hyderabad";"Telangana";"India";"2024-01-01";"2026-04-06";38;101988.21;"VIP";"0";47;2683.9
"N0118";"naksh";"mangal";"2000-07-19";"Female";"naksh.mangal@gmail.com";"7655157403";"Mumbai";"Maharashtra";"India";"2023-03-13";"2025-12-18";21;86861.23;"VIP";"1";25;4136.25
"N0119";"warhi";"jani";"1979-12-27";"Male";"warhi.jani@gmail.com";"7009880401";"Kolkata";"West Bengal";"India";"2024-11-02";"2026-05-09";20;52584.25;"VIP";"0";46;2629.21
"N0120";"advay";"ramaswamy";"1967-06-20";"Male";"advay.ramaswamy@gmail.com";"9952530191";"Bangalore";"Karnataka";"India";"2024-05-17";"2025-12-25";2;118823.66;"VIP";"0";58;59411.83
"N0121";"rohan";"dutta";"1982-02-04";"Female";"rohan.dutta@gmail.com";"6426284628";"Chennai";"Tamil Nadu";"India";"2025-05-26";"2026-04-23";19;40303.66;"Premium";"1";44;2121.25
"N0122";"dev";"dhaliwal";"2004-04-05";"Male";"dev.dhaliwal@gmail.com";"7357486345";"Delhi";"Delhi";"India";"2022-04-02";"2026-02-03";34;24843.43;"Premium";"1";22;730.69
"N0123";"karan";"mitra";"1962-04-20";"Male";"karan.mitra@gmail.com";"9610476573";"Kolkata";"West Bengal";"India";"2023-12-16";"2026-06-11";47;99435.29;"VIP";"1";64;2115.64
"N0124";"unni";"ram";"1961-12-12";"Male";"unni.ram@gmail.com";"7995635953";"Mumbai";"Maharashtra";"India";"2022-07-04";"2026-04-02";43;14606.64;"Premium";"0";64;339.69
"N0125";"william";"purohit";"1989-01-30";"Male";"william.purohit@gmail.com";"9379962729";"Chennai";"Tamil Nadu";"India";"2024-05-09";"2025-12-31";36;79016.67;"VIP";"1";37;2194.91
"N0126";"parth";"dalal";"1969-03-08";"Male";"parth.dalal@gmail.com";"8036150445";"Kolkata";"West Bengal";"India";"2022-06-16";"2025-10-19";22;13734.43;"Premium";"1";57;624.29
"N0127";"vansha";"viswanathan";"2000-02-17";"Female";"vansha.viswanathan@gmail.com";"7815253549";"Madurai";"Tamil Nadu";"India";"2022-09-11";"2026-03-20";45;102538.06;"VIP";"1";26;2278.62
"N0128";"viraj";"dash";"1976-09-29";"Female";"viraj.dash@gmail.com";"7542539982";"Chennai";"Tamil Nadu";"India";"2022-12-16";"2025-10-17";45;1287.93;"New";"0";49;28.62
"N0129";"harinakshi";"toor";"1992-07-06";"Female";"harinakshi.toor@gmail.com";"6019127450";"Bangalore";"Karnataka";"India";"2025-03-30";"2025-10-11";14;39674.31;"Premium";"1";33;2833.88
"N0130";"george";"pai";"1973-03-07";"Female";"george.pai@gmail.com";"7988594077";"Pune";"Maharashtra";"India";"2024-06-01";"2026-01-23";46;75331.83;"VIP";"1";53;1637.65
"N0131";"kashvi";"mohanty";"1985-04-11";"Male";"kashvi.mohanty@gmail.com";"6663738066";"Delhi";"Delhi";"India";"2024-05-26";"2025-06-30";19;95636.71;"VIP";"0";41;5033.51
"N0132";"janaki";"bail";"1982-04-01";"Female";"janaki.bail@gmail.com";"9634441543";"Kolkata";"West Bengal";"India";"2023-12-17";"2025-09-17";6;113321.69;"VIP";"0";44;18886.95
"N0133";"samaksh";"modi";"1967-05-26";"Female";"samaksh.modi@gmail.com";"8420153407";"Bangalore";"Karnataka";"India";"2022-07-29";"2025-07-09";16;94642.33;"VIP";"1";59;5915.15
"N0134";"tripti";"bora";"2001-01-17";"Male";"tripti.bora@gmail.com";"9267079475";"Hyderabad";"Telangana";"India";"2023-08-24";"2025-08-31";1;5894.69;"Regular";"0";25;5894.69
"N0135";"ekani";"baral";"2000-07-04";"Male";"ekani.baral@gmail.com";"6860142463";"Kolkata";"West Bengal";"India";"2024-04-28";"2026-05-20";44;96962.45;"VIP";"0";25;2203.69
"N0136";"siddharth";"sama";"1975-04-10";"Female";"siddharth.sama@gmail.com";"9559466869";"Delhi";"Delhi";"India";"2022-11-14";"2025-07-12";50;42469.32;"Premium";"0";51;849.39
"N0137";"warjas";"raja";"2000-05-23";"Female";"warjas.raja@gmail.com";"9000000136";"Delhi";"Delhi";"India";"2024-01-01";"2026-02-03";40;75360.23;"VIP";"0";26;1884.01
"N0138";"samarth";"kapoor";"1989-08-19";"Female";"samarth.kapoor138@example.com";"9964508012";"Hyderabad";"Telangana";"India";"2025-01-05";"2025-09-21";42;89268.36;"VIP";"1";36;2125.44
"N0139";"megha";"balan";"1990-01-07";"Male";"megha.balan@gmail.com";"7454016866";"Bangalore";"Karnataka";"India";"2025-03-10";"2026-04-23";13;69308.69;"VIP";"0";36;5331.44
"N0140";"darpan";"kurian";"1995-06-11";"Female";"darpan.kurian@gmail.com";"7401789936";"Bangalore";"Karnataka";"India";"2024-03-06";"2026-04-27";42;66978.17;"VIP";"0";31;1594.72
"N0141";"yashodhara";"bala";"1991-05-27";"Male";"yashodhara.bala@gmail.com";"9272343013";"Bangalore";"Karnataka";"India";"2023-01-14";"2026-01-12";38;4892.68;"Regular";"0";35;128.75
"N0142";"jasmit";"parmer";"1970-07-17";"Male";"jasmit.parmer@gmail.com";"6247624032";"Madurai";"Tamil Nadu";"India";"2024-01-27";"2025-09-30";14;16730.0;"Premium";"0";55;1195.0
"N0143";"priya";"walia";"1998-10-18";"Male";"priya.walia@gmail.com";"9211963527";"Hyderabad";"Telangana";"India";"2023-04-17";"2025-07-16";41;4649.47;"Regular";"0";27;113.4
"N0144";"falan";"jhaveri";"2000-10-30";"Male";"falan.jhaveri@gmail.com";"8734360817";"Kolkata";"West Bengal";"India";"2022-05-11";"2025-11-24";22;75077.85;"VIP";"0";25;3412.63
"N0145";"gautam";"magar";"1969-03-14";"Male";"gautam.magar@gmail.com";"7699997973";"Mumbai";"Maharashtra";"India";"2022-05-16";"2026-03-02";12;100907.65;"VIP";"1";57;8408.97
"N0146";"jeet";"kumar";"1994-06-22";"Male";"jeet.kumar@gmail.com";"8930530357";"Chennai";"Tamil Nadu";"India";"2022-04-14";"2026-01-16";10;91650.21;"VIP";"0";31;9165.02
"N0147";"om";"sami";"1975-07-06";"Male";"om.sami@gmail.com";"9698731793";"Mumbai";"Maharashtra";"India";"2024-11-24";"2025-12-06";33;42392.76;"Premium";"1";50;1284.63
"N0148";"advay";"tiwari";"1978-04-19";"Female";"advay.tiwari@gmail.com";"6693489267";"Mumbai";"Maharashtra";"India";"2024-09-23";"2026-05-26";33;100054.57;"VIP";"0";48;3031.96
"N0149";"rishi";"tandon";"1975-06-01";"Male";"rishi.tandon@gmail.com";"8357475244";"Mumbai";"Maharashtra";"India";"2022-03-06";"2026-04-19";13;35617.18;"Premium";"1";51;2739.78
"N0150";"krishna";"bhatia";"2003-08-03";"Male";"krishna.bhatia@gmail.com";"7063060048";"Bangalore";"Karnataka";"India";"2024-04-25";"2026-06-12";24;64386.02;"VIP";"1";22;2682.75
"N0151";"dhriti";"parekh";"1999-01-24";"Male";"dhriti.parekh@gmail.com";"9182913238";"Coimbatore";"Tamil Nadu";"India";"2022-01-21";"2025-12-25";4;72371.86;"VIP";"1";27;18092.97
"N0152";"vedhika";"peri";"1970-06-13";"Female";"vedhika.peri@gmail.com";"8737359721";"Madurai";"Tamil Nadu";"India";"2025-04-19";"2025-07-23";44;71903.35;"VIP";"1";56;1634.17
"N0153";"bachittar";"kamdar";"1971-09-30";"Male";"bachittar.kamdar@gmail.com";"6684584320";"Mumbai";"Maharashtra";"India";"2022-10-10";"2025-09-21";16;30473.84;"Premium";"1";54;1904.62
"N0154";"darsh";"murthy";"1970-01-09";"Female";"darsh.murthy@gmail.com";"8579403125";"Mumbai";"Maharashtra";"India";"2021-11-02";"2025-12-25";36;5578.71;"Regular";"0";56;154.96
"N0155";"krisha";"dani";"1985-08-25";"Female";"krisha.dani@gmail.com";"8994824365";"Madurai";"Tamil Nadu";"India";"2024-09-05";"2026-01-31";19;58217.45;"VIP";"1";40;3064.08
"N0156";"lipika";"lad";"2000-03-18";"Male";"lipika.lad@gmail.com";"7414107549";"Chennai";"Tamil Nadu";"India";"2022-05-04";"2026-02-15";27;102761.15;"VIP";"0";26;3805.97
"N0157";"mason";"chhabra";"1997-05-28";"Female";"mason.chhabra@gmail.com";"9291247650";"Bangalore";"Karnataka";"India";"2024-09-23";"2025-12-13";11;103056.42;"VIP";"1";29;9368.77
"N0158";"mekhala";"datta";"1982-01-14";"Female";"mekhala.datta@gmail.com";"9922904894";"Pune";"Maharashtra";"India";"2025-01-14";"2026-02-24";41;2004.99;"New";"1";44;48.9
"N0159";"ranveer";"chaudhuri";"1970-05-11";"Female";"ranveer.chaudhuri@gmail.com";"7553143387";"Coimbatore";"Tamil Nadu";"India";"2023-10-30";"2025-09-20";27;17649.72;"Premium";"1";56;653.69
"N0160";"bahadurjit";"bandi";"2000-06-01";"Male";"bahadurjit.bandi@gmail.com";"6128052728";"Kolkata";"West Bengal";"India";"2022-04-03";"2026-05-04";5;113200.92;"VIP";"1";26;22640.18
"N0161";"jason";"dube";"1992-09-01";"Male";"jason.dube@gmail.com";"9475267155";"Delhi";"Tamil Nadu";"India";"2024-08-11";"2026-03-23";9;2779.69;"New";"1";33;308.85
"N0162";"pratyush";"jani";"1993-03-14";"Male";"pratyush.jani@gmail.com";"6833442368";"Chennai";"Tamil Nadu";"India";"2025-04-14";"2025-12-27";35;49125.16;"VIP";"0";33;1403.58
"N0163";"veer";"murty";"1985-07-01";"Female";"veer.murty@gmail.com";"8739460953";"Kolkata";"West Bengal";"India";"2024-07-23";"2025-11-09";17;93133.82;"VIP";"0";40;5478.46
"N0164";"gunbir";"jaggi";"1985-12-03";"Female";"gunbir.jaggi@gmail.com";"7069381464";"Delhi";"Delhi";"India";"2021-12-05";"2026-03-22";17;43212.4;"VIP";"0";40;2541.91
"N0165";"theodore";"mannan";"1966-02-02";"Female";"theodore.mannan@gmail.com";"8863339554";"Delhi";"Delhi";"India";"2023-01-22";"2025-08-15";37;14206.05;"Premium";"0";60;383.95
"N0166";"parth";"borde";"1965-10-27";"Female";"parth.borde@gmail.com";"9825377730";"Chennai";"Tamil Nadu";"India";"2025-01-19";"2025-11-22";46;26957.74;"Premium";"1";60;586.04
"N0167";"ishwar";"kota";"1992-10-20";"Male";"ishwar.kota@gmail.com";"6161578367";"Delhi";"Delhi";"India";"2022-04-22";"2026-03-19";14;102788.63;"VIP";"1";33;7342.05
"N0168";"jonathan";"kuruvilla";"2003-09-12";"Male";"jonathan.kuruvilla@gmail.com";"9274295131";"Chennai";"Tamil Nadu";"India";"2022-05-13";"2025-12-21";20;69414.56;"VIP";"0";22;3470.73
"N0169";"gautami";"samra";"1997-02-22";"Male";"gautami.samra@gmail.com";"7217286821";"Madurai";"Tamil Nadu";"India";"2024-11-10";"2026-02-07";43;115084.63;"VIP";"0";29;2676.39
"N0170";"omya";"vaidya";"1987-08-29";"Female";"omya.vaidya@gmail.com";"9024652357";"Chennai";"Tamil Nadu";"India";"2024-08-18";"2025-10-17";23;53835.76;"VIP";"0";38;2340.69
"N0171";"alka";"mammen";"1981-01-13";"Female";"alka.mammen@gmail.com";"7569503943";"Chennai";"Tamil Nadu";"India";"2024-04-27";"2025-12-09";37;88454.05;"VIP";"1";45;2390.65
"N0172";"sachi";"keer";"2002-12-19";"Female";"sachi.keer@gmail.com";"6172747263";"Mumbai";"Maharashtra";"India";"2025-05-21";"2026-03-16";41;28556.04;"Premium";"0";23;696.49
"N0173";"reyansh";"mital";"1973-08-31";"Male";"reyansh.mital@gmail.com";"8846357229";"Delhi";"Delhi";"India";"2023-04-04";"2026-02-01";12;80957.36;"VIP";"0";52;6746.45
"N0174";"harita";"patla";"1978-07-02";"Female";"harita.patla@gmail.com";"7816743392";"Kolkata";"West Bengal";"India";"2024-02-12";"2025-07-22";20;117904.14;"VIP";"0";47;5895.21
"N0175";"ucchal";"venkataraman";"1967-08-15";"Female";"ucchal.venkataraman@gmail.com";"8851399327";"Chennai";"Tamil Nadu";"India";"2023-07-26";"2025-07-10";15;12503.17;"Regular";"0";58;833.54
"N0176";"mitesh";"raval";"1969-09-12";"Male";"mitesh.raval@gmail.com";"6799444470";"Kolkata";"West Bengal";"India";"2025-02-23";"2025-07-27";8;20608.25;"Premium";"0";56;2576.03
"N0177";"logan";"warrior";"1973-08-16";"Female";"logan.warrior@gmail.com";"6864062576";"Madurai";"Tamil Nadu";"India";"2021-10-22";"2025-09-27";35;118236.63;"VIP";"0";52;3378.19
"N0178";"janaki";"menon";"1989-09-27";"Male";"janaki.menon@gmail.com";"9000000177";"Hyderabad";"Telangana";"India";"2024-09-11";"2025-09-13";18;57999.89;"VIP";"1";36;3222.22
"N0179";"orinder";"babu";"1990-02-01";"Female";"orinder.babu@gmail.com";"8173517175";"Chennai";"Tamil Nadu";"India";"2022-11-23";"2026-04-24";40;75095.31;"VIP";"1";36;1877.38
"N0180";"janani";"modi";"1966-10-08";"Female";"janani.modi@gmail.com";"8084015767";"Delhi";"Tamil Nadu";"India";"2025-05-14";"2026-03-11";49;72317.97;"VIP";"0";59;1475.88
"N0181";"omya";"batra";"1990-01-23";"Male";"omya.batra@gmail.com";"7440983041";"Mumbai";"Maharashtra";"India";"2024-05-02";"2026-04-17";24;92172.87;"VIP";"0";36;3840.54
"N0182";"kala";"patla";"1993-10-21";"Female";"kala.patla@gmail.com";"8217954123";"Madurai";"Tamil Nadu";"India";"2021-12-28";"2026-03-02";1;73659.44;"VIP";"1";32;73659.44
"N0183";"chameli";"khare";"1986-06-11";"Female";"chameli.khare@gmail.com";"6617852756";"Pune";"Maharashtra";"India";"2022-05-29";"2026-05-04";39;62272.85;"VIP";"1";40;1596.74
"N0184";"prisha";"konda";"2002-06-04";"Female";"prisha.konda@gmail.com";"7313183408";"Delhi";"Maharashtra";"India";"2023-01-31";"2025-09-25";40;48384.79;"VIP";"0";24;1209.62
"N0185";"daksh";"vohra";"1982-07-07";"Female";"daksh.vohra@gmail.com";"7294844272";"Pune";"Maharashtra";"India";"2024-05-29";"2026-03-31";41;17327.23;"Premium";"0";43;422.62
"N0186";"rudra";"mital";"1969-09-01";"Male";"rudra.mital@gmail.com";"8374384916";"Madurai";"Tamil Nadu";"India";"2021-09-19";"2026-06-15";27;105334.6;"VIP";"0";56;3901.28
"N0187";"zehaan";"mann";"1973-11-29";"Female";"zehaan.mann@gmail.com";"8349803344";"Mumbai";"Maharashtra";"India";"2022-08-03";"2026-06-07";50;16282.34;"Premium";"0";52;325.65
"N0188";"arin";"narula";"1972-03-11";"Male";"arin.narula@gmail.com";"9139269383";"Kolkata";"West Bengal";"India";"2021-12-02";"2025-07-15";13;81715.41;"VIP";"1";54;6285.8
"N0189";"champak";"rana";"1985-01-26";"Male";"champak.rana@gmail.com";"7912984113";"Kolkata";"West Bengal";"India";"2021-06-27";"2026-03-01";38;73169.0;"VIP";"0";41;1925.5
"N0190";"samuel";"naik";"1970-10-12";"Male";"samuel.naik@gmail.com";"9657526257";"Hyderabad";"Telangana";"India";"2022-08-13";"2026-01-09";34;38775.02;"Premium";"1";55;1140.44
"N0191";"gunbir";"nagar";"2000-05-23";"Male";"gunbir.nagar@gmail.com";"8185518687";"Hyderabad";"Telangana";"India";"2025-03-03";"2026-03-10";27;68743.26;"VIP";"0";26;2546.05
"N0192";"aryan";"dewan";"1968-02-27";"Male";"aryan.dewan@gmail.com";"7508447119";"Madurai";"Tamil Nadu";"India";"2023-03-24";"2025-10-24";15;56885.55;"VIP";"1";58;3792.37
"N0193";"chanakya";"khalsa";"1999-04-01";"Male";"chanakya.khalsa@gmail.com";"7462260224";"Chennai";"Tamil Nadu";"India";"2022-10-27";"2025-12-02";7;12840.37;"Regular";"1";27;1834.34
"N0194";"abhimanyu";"swamy";"1973-12-22";"Female";"abhimanyu.swamy@gmail.com";"7313707883";"Hyderabad";"Telangana";"India";"2021-10-11";"2025-10-07";2;67569.5;"VIP";"1";52;33784.75
"N0195";"deepa";"subramanian";"2006-02-08";"Female";"deepa.subramanian@gmail.com";"6862881659";"Delhi";"Delhi";"India";"2023-05-17";"2025-12-20";42;47974.61;"VIP";"0";20;1142.25
"N0196";"ira";"dass";"2008-04-18";"Female";"ira.dass@gmail.com";"6728396708";"Pune";"Maharashtra";"India";"2024-11-13";"2025-09-25";28;29729.66;"Premium";"1";18;1061.77
"N0197";"wahab";"deshmukh";"1964-08-11";"Female";"wahab.deshmukh@gmail.com";"6180967766";"Pune";"Maharashtra";"India";"2022-06-22";"2025-12-25";12;33664.64;"Premium";"0";61;2805.39
"N0198";"jackson";"shah";"1979-04-30";"Male";"jackson.shah@gmail.com";"7290934428";"Chennai";"Tamil Nadu";"India";"2024-11-29";"2025-08-03";22;37445.23;"Premium";"1";47;1702.06
"N0199";"girindra";"tripathi";"2006-09-07";"Male";"girindra.tripathi@gmail.com";"9795024724";"Kolkata";"West Bengal";"India";"2023-08-21";"2026-03-02";15;23291.84;"Premium";"1";19;1552.79
"N0200";"bachittar";"varughese";"1991-06-04";"Female";"bachittar.varughese@gmail.com";"9828637996";"Pune";"Maharashtra";"India";"2021-08-17";"2025-09-21";45;88160.91;"VIP";"0";35;1959.13
"N0201";"arin";"nayar";"1972-05-05";"Male";"arin.nayar@gmail.com";"9161417196";"Coimbatore";"Tamil Nadu";"India";"2021-08-16";"2025-08-04";35;8200.95;"Regular";"1";54;234.31
"N0202";"faris";"dutta";"1977-10-18";"Female";"faris.dutta@gmail.com";"8796112804";"Bangalore";"Karnataka";"India";"2022-03-05";"2026-01-30";27;33479.19;"Premium";"1";48;1239.97
"N0203";"qadim";"bajaj";"1966-09-17";"Male";"qadim.bajaj@gmail.com";"7625442860";"Delhi";"Tamil Nadu";"India";"2024-01-01";"2025-06-30";4;103047.68;"VIP";"0";59;25761.92
"N0204";"meghana";"sarin";"1983-12-20";"Male";"meghana.sarin@gmail.com";"7608621063";"Kolkata";"West Bengal";"India";"2025-06-05";"2026-06-08";17;75903.79;"VIP";"0";42;4464.93
"N0205";"balvan";"sha";"1982-08-24";"Female";"balvan.sha@gmail.com";"6444815836";"Kolkata";"West Bengal";"India";"2025-02-13";"2025-03-15";42;57618.84;"VIP";"1";43;1371.88
"N0206";"radhika";"khurana";"1983-02-04";"Female";"radhika.khurana@gmail.com";"7684594112";"Bangalore";"Karnataka";"India";"2023-05-26";"2025-10-06";2;58827.15;"VIP";"1";43;29413.58
"N0207";"kavya";"setty";"1977-09-19";"Male";"kavya.setty@gmail.com";"8696628430";"Delhi";"Delhi";"India";"2024-01-03";"2025-12-30";11;100224.97;"VIP";"1";48;9111.36
"N0208";"farhan";"maharaj";"1984-08-21";"Male";"farhan.maharaj@gmail.com";"9931278521";"Bangalore";"Karnataka";"India";"2022-05-30";"2026-02-14";39;52518.42;"VIP";"1";41;1346.63
"N0209";"kashish";"dass";"2006-04-15";"Male";"kashish.dass@gmail.com";"6555466541";"Bangalore";"Karnataka";"India";"2023-02-22";"2025-11-21";21;59352.75;"VIP";"1";20;2826.32
"N0210";"tanmayi";"prakash";"1996-04-19";"Male";"tanmayi.prakash@gmail.com";"6132157457";"Hyderabad";"Telangana";"India";"2022-12-05";"2026-02-01";40;41065.76;"Premium";"1";30;1026.64
"N0211";"lajita";"lata";"2005-09-07";"Male";"lajita.lata@gmail.com";"9732390254";"Hyderabad";"Telangana";"India";"2021-11-25";"2025-08-04";2;65962.22;"VIP";"0";20;32981.11
"N0212";"tara";"wali";"1989-11-14";"Female";"tara.wali@gmail.com";"8876856104";"Madurai";"Tamil Nadu";"India";"2022-02-12";"2025-07-30";3;18068.95;"Premium";"0";36;6022.98
"N0213";"jalsa";"morar";"1984-08-12";"Female";"jalsa.morar213@example.com";"8657250157";"Pune";"Maharashtra";"India";"2022-03-10";"2025-09-10";38;18397.46;"Premium";"1";41;484.14
"N0214";"logan";"dutta";"1962-02-24";"Female";"logan.dutta@gmail.com";"7365346103";"Coimbatore";"Tamil Nadu";"India";"2024-06-29";"2026-01-27";12;14249.22;"Premium";"0";64;1187.44
"N0215";"idika";"verma";"1979-08-02";"Male";"idika.verma215@example.com";"6859914080";"Delhi";"Delhi";"India";"2024-10-25";"2025-07-06";41;88767.66;"VIP";"0";46;2165.06
"N0216";"advik";"barman";"1973-01-09";"Male";"advik.barman@gmail.com";"9000000215";"Pune";"Maharashtra";"India";"2023-12-09";"2026-04-01";43;103899.75;"VIP";"0";53;2416.27
"N0217";"pranit";"sibal";"1975-04-25";"Female";"pranit.sibal@gmail.com";"8638074981";"Kolkata";"West Bengal";"India";"2024-07-07";"2026-05-15";20;46779.27;"VIP";"1";51;2338.96
"N0218";"chakradev";"kala";"2001-09-21";"Male";"chakradev.kala@gmail.com";"8933409862";"Pune";"Maharashtra";"India";"2025-02-24";"2025-11-27";10;87897.32;"VIP";"0";24;8789.73
"N0219";"janya";"das";"1973-10-12";"Male";"janya.das@gmail.com";"8695319305";"Coimbatore";"Tamil Nadu";"India";"2023-05-31";"2025-12-29";11;68165.18;"VIP";"0";52;6196.83
"N0220";"saksham";"padmanabhan";"1974-09-23";"Male";"saksham.padmanabhan@gmail.com";"9000000219";"Kolkata";"West Bengal";"India";"2022-04-23";"2025-09-26";24;64229.27;"VIP";"1";51;2676.22
"N0221";"priya";"chaudhry";"1986-08-29";"Male";"priya.chaudhry@gmail.com";"7711656200";"Chennai";"Tamil Nadu";"India";"2022-05-28";"2025-10-11";46;68570.85;"VIP";"0";39;1490.67
"N0222";"varenya";"pant";"1961-06-20";"Male";"varenya.pant@gmail.com";"8635356273";"Chennai";"Tamil Nadu";"India";"2022-04-09";"2026-01-17";50;32758.17;"Premium";"1";64;655.16
"N0223";"qabil";"loyal";"1970-01-06";"Male";"qabil.loyal@gmail.com";"7165565989";"Delhi";"Delhi";"India";"2025-03-30";"2026-01-25";29;44829.08;"VIP";"1";56;1545.83
"N0224";"advika";"dora";"1993-11-27";"Female";"advika.dora@gmail.com";"7662827208";"Hyderabad";"Telangana";"India";"2024-09-03";"2026-04-17";9;76047.86;"VIP";"1";32;8449.76
"N0225";"reyansh";"krishnan";"1996-04-03";"Male";"reyansh.krishnan@gmail.com";"6114165290";"Pune";"Maharashtra";"India";"2025-01-23";"2025-11-02";2;90985.71;"VIP";"1";30;45492.86
"N0226";"lila";"gole";"1983-07-08";"Male";"lila.gole@gmail.com";"8596447992";"Hyderabad";"Telangana";"India";"2023-02-11";"2026-04-10";46;115616.08;"VIP";"0";42;2513.39
"N0227";"geetika";"gulati";"1978-08-08";"Male";"geetika.gulati@gmail.com";"7819648545";"Madurai";"Tamil Nadu";"India";"2021-11-26";"2025-10-05";12;45562.25;"VIP";"0";47;3796.85
"N0228";"nisha";"mukherjee";"1988-07-31";"Male";"nisha.mukherjee@gmail.com";"6325787792";"Delhi";"Delhi";"India";"2021-10-05";"2025-10-15";3;95468.73;"VIP";"1";37;31822.91
"N0229";"veda";"dhaliwal";"1992-07-25";"Male";"veda.dhaliwal229@example.com";"6709061843";"Madurai";"Tamil Nadu";"India";"2022-12-31";"2026-03-12";2;29717.3;"Premium";"1";33;14858.65
"N0230";"christopher";"kari";"1996-01-31";"Female";"christopher.kari@gmail.com";"12345";"Hyderabad";"Telangana";"India";"2021-11-05";"2025-10-28";30;81174.36;"VIP";"0";30;2705.81
"N0231";"jairaj";"ratta";"1973-11-07";"Male";"jairaj.ratta@gmail.com";"7399744676";"Coimbatore";"Tamil Nadu";"India";"2023-08-31";"2025-12-29";13;9771.79;"Regular";"0";52;751.68
"N0232";"mitali";"singhal";"1970-03-17";"Male";"mitali.singhal@gmail.com";"6172767406";"Delhi";"Telangana";"India";"2023-03-01";"2025-06-15";31;34245.37;"Premium";"1";56;1104.69
"N0233";"zashil";"palla";"1965-03-03";"Male";"zashil.palla233@example.com";"9359775339";"Chennai";"Tamil Nadu";"India";"2022-11-13";"2025-07-11";35;93957.29;"VIP";"0";61;2684.49
"N0234";"netra";"hayer";"2003-06-14";"Male";"netra.hayer@gmail.com";"9024499418";"Delhi";"Tamil Nadu";"India";"2024-05-24";"2025-12-22";25;21844.43;"Premium";"0";23;873.78
"N0235";"zaid";"mann";"1992-09-16";"Male";"zaid.mann@gmail.com";"7384642419";"Bangalore";"Karnataka";"India";"2023-02-18";"2026-02-28";19;26188.76;"Premium";"1";33;1378.36
"N0236";"rohan";"devan";"1972-01-12";"Male";"rohan.devan@gmail.com";"8516109608";"Delhi";"Delhi";"India";"2023-01-03";"2025-09-05";8;38505.82;"Premium";"1";54;4813.23
"N0237";"ucchal";"bassi";"2005-12-10";"Male";"ucchal.bassi@gmail.com";"7034587504";"Hyderabad";"Telangana";"India";"2024-06-06";"2026-05-02";14;49907.33;"VIP";"0";20;3564.81
"N0238";"charvi";"mittal";"1971-09-19";"Female";"charvi.mittal@gmail.com";"8547372696";"Hyderabad";"Telangana";"India";"2023-06-27";"2025-10-09";18;30165.61;"Premium";"0";54;1675.87
"N0239";"wazir";"dalal";"1980-06-12";"Female";"wazir.dalal@gmail.com";"7767156581";"Hyderabad";"Telangana";"India";"2022-06-08";"2026-06-04";32;70058.78;"VIP";"0";46;2189.34
"N0240";"hema";"rajan";"1981-07-30";"Female";"hema.rajan@gmail.com";"8591676764";"Madurai";"Tamil Nadu";"India";"2021-09-07";"2026-05-19";13;10572.27;"Regular";"0";44;813.25
"N0241";"vanya";"desai";"2004-04-11";"Male";"vanya.desai@gmail.com";"6216798150";"Mumbai";"Maharashtra";"India";"2021-08-22";"2025-08-08";18;14434.24;"Premium";"1";22;801.9
"N0242";"ikbal";"om";"2006-08-12";"Male";"ikbal.om@gmail.com";"6538319054";"Delhi";"Delhi";"India";"2021-10-21";"2026-03-15";45;69625.99;"VIP";"1";19;1547.24
"N0243";"saumya";"chawla";"1968-12-10";"Male";"saumya.chawla@gmail.com";"8634499162";"Hyderabad";"Telangana";"India";"2022-12-05";"2026-03-02";32;118076.33;"VIP";"0";57;3689.89
"N0244";"yamini";"khalsa";"1987-08-01";"Male";"yamini.khalsa@gmail.com";"8222909502";"Chennai";"Tamil Nadu";"India";"2022-09-23";"2025-10-02";35;118365.3;"VIP";"0";38;3381.87
"N0245";"jagvi";"pall";"1977-05-01";"Female";"jagvi.pall@gmail.com";"6074861486";"Hyderabad";"Telangana";"India";"2022-09-05";"2025-07-20";21;103210.92;"VIP";"0";49;4914.81
"N0246";"darsh";"deo";"1986-07-25";"Male";"darsh.deo@gmail.com";"6673856995";"Pune";"Maharashtra";"India";"2023-08-14";"2026-02-09";37;38826.58;"Premium";"0";39;1049.37
"N0247";"bimala";"dara";"1996-02-03";"Male";"bimala.dara@gmail.com";"8820338714";"Coimbatore";"Tamil Nadu";"India";"2023-03-29";"2026-01-13";28;91846.61;"VIP";"0";30;3280.24
"N0248";"bakhshi";"palla";"1979-12-29";"Male";"bakhshi.palla@gmail.com";"6073632453";"Chennai";"Tamil Nadu";"India";"2024-02-11";"2026-06-07";24;60111.56;"VIP";"0";46;2504.65
"N0249";"aachal";"sule";"1975-08-12";"Female";"aachal.sule@gmail.com";"6744201437";"Chennai";"Tamil Nadu";"India";"2023-06-03";"2025-12-24";16;35817.63;"Premium";"1";50;2238.6
"N0250";"neel";"sethi";"1999-11-18";"Female";"neel.sethi@gmail.com";"8192185563";"Madurai";"Tamil Nadu";"India";"2022-02-01";"2025-06-19";29;21114.27;"Premium";"0";26;728.08
"N0251";"mekhala";"loke";"1976-01-09";"Male";"mekhala.loke@gmail.com";"12345";"Chennai";"Tamil Nadu";"India";"2024-01-29";"2024-02-28";25;19884.74;"Premium";"1";50;795.39
"N0252";"dalbir";"chadha";"2006-03-19";"Female";"dalbir.chadha@gmail.com";"6507410190";"Mumbai";"Maharashtra";"India";"2022-06-10";"2025-09-24";6;50536.61;"VIP";"1";20;8422.77
"N0253";"damyanti";"bahri";"2005-11-27";"Female";"damyanti.bahri253@example.com";"7851480216";"Chennai";"Tamil Nadu";"India";"2023-05-07";"2025-08-04";15;50972.5;"VIP";"1";20;3398.17
"N0254";"gaurika";"sandhu";"1980-08-20";"Female";"gaurika.sandhu@gmail.com";"8068200968";"Kolkata";"West Bengal";"India";"2025-05-15";"2025-08-28";29;81853.55;"VIP";"0";45;2822.54
"N0255";"bhavika";"chokshi";"1975-03-28";"Female";"bhavika.chokshi@gmail.com";"8325796096";"Coimbatore";"Tamil Nadu";"India";"2022-11-30";"2026-02-19";30;75942.51;"VIP";"1";51;2531.42
"N0256";"janani";"parikh";"1986-02-28";"Male";"janani.parikh@gmail.com";"7625074354";"Delhi";"Delhi";"India";"2025-04-01";"2025-08-30";14;31643.44;"Premium";"1";40;2260.25
"N0257";"chakradev";"ahluwalia";"1972-07-05";"Male";"chakradev.ahluwalia@gmail.com";"7160371916";"Kolkata";"West Bengal";"India";"2024-02-07";"2025-09-18";14;105847.61;"VIP";"1";53;7560.54
"N0258";"eiravati";"pai";"1990-03-06";"Female";"eiravati.pai@gmail.com";"9427166163";"Delhi";"Delhi";"India";"2022-06-11";"2025-08-27";5;7024.49;"Regular";"1";36;1404.9
"N0259";"nitara";"ramaswamy";"1968-01-06";"Male";"nitara.ramaswamy@gmail.com";"7014808146";"Bangalore";"Karnataka";"India";"2022-10-05";"2026-05-14";13;51888.89;"VIP";"0";58;3991.45
"N0260";"nathan";"murthy";"2001-10-09";"Female";"nathan.murthy@gmail.com";"8414606959";"Delhi";"Delhi";"India";"2025-05-11";"2025-11-21";30;25915.07;"Premium";"0";24;863.84
"N0261";"vritti";"chhabra";"1980-04-04";"Female";"vritti.chhabra@gmail.com";"6528476373";"Pune";"Maharashtra";"India";"2025-03-26";"2026-06-04";8;60705.69;"VIP";"1";46;7588.21
"N0262";"madhavi";"talwar";"2006-06-12";"Male";"madhavi.talwar262@example.com";"8668992732";"Bangalore";"Karnataka";"India";"2025-01-05";"2026-03-28";46;5252.83;"Regular";"0";20;114.19
"N0263";"ronith";"sen";"2005-09-02";"Male";"ronith.sen@gmail.com";"8780287861";"Kolkata";"West Bengal";"India";"2023-03-02";"2025-08-10";1;113200.92;"VIP";"1";20;113200.92
"N0264";"advika";"lalla";"1982-12-12";"Male";"advika.lalla@gmail.com";"9838899532";"Coimbatore";"Tamil Nadu";"India";"2023-08-29";"2026-03-04";14;36169.77;"Premium";"0";43;2583.56
"N0265";"charvi";"sha";"1990-02-21";"Male";"charvi.sha@gmail.com";"9444285385";"Hyderabad";"Telangana";"India";"2022-12-01";"2026-02-25";18;97692.91;"VIP";"1";36;5427.38
"N0266";"naksh";"chhabra";"1970-12-20";"Male";"naksh.chhabra@gmail.com";"7326327255";"Hyderabad";"Telangana";"India";"2023-07-01";"2025-12-25";10;111126.97;"VIP";"1";55;11112.7
"N0267";"nandini";"pillai";"1989-12-05";"Female";"nandini.pillai@gmail.com";"8421593557";"Coimbatore";"Tamil Nadu";"India";"2023-04-28";"2026-03-26";14;104952.12;"VIP";"0";36;7496.58
"N0268";"chatura";"sem";"1984-05-31";"Male";"chatura.sem@gmail.com";"7997913915";"Mumbai";"Maharashtra";"India";"2022-08-06";"2026-04-15";27;84963.76;"VIP";"1";42;3146.81
"N0269";"ria";"raju";"1984-06-06";"Female";"ria.raju@gmail.com";"6373341092";"Kolkata";"West Bengal";"India";"2022-09-22";"2025-07-22";3;30080.66;"Premium";"0";42;10026.89
"N0270";"upkaar";"jhaveri";"1967-07-26";"Female";"upkaar.jhaveri@gmail.com";"7725305298";"Madurai";"Tamil Nadu";"India";"2022-10-19";"2026-04-17";15;68688.33;"VIP";"1";58;4579.22
"N0271";"chakradhar";"bains";"1984-05-14";"Male";"chakradhar.bains@gmail.com";"9650366026";"Mumbai";"Maharashtra";"India";"2022-01-07";"2025-08-28";49;50819.07;"VIP";"1";42;1037.12
"N0272";"wridesh";"saraf";"1994-02-24";"Female";"wridesh.saraf@gmail.com";"9000000271";"Pune";"Maharashtra";"India";"2024-06-17";"2025-09-07";42;18705.41;"Premium";"1";32;445.37
"N0273";"unnati";"wagle";"1963-07-25";"Male";"unnati.wagle@gmail.com";"8228132784";"Madurai";"Tamil Nadu";"India";"2023-11-11";"2025-10-07";20;68502.66;"VIP";"1";62;3425.13
"N0274";"aadi";"tiwari";"2003-10-28";"Female";"aadi.tiwari@gmail.com";"6956748384";"Delhi";"Delhi";"India";"2025-04-16";"2025-10-13";39;56516.86;"VIP";"1";22;1449.15
"N0275";"om";"venkataraman";"1985-05-06";"Male";"om.venkataraman@gmail.com";"6152888807";"Kolkata";"West Bengal";"India";"2024-02-21";"2025-10-12";41;88414.87;"VIP";"0";41;2156.46
"N0276";"kamya";"hans";"1968-05-04";"Male";"kamya.hans@gmail.com";"6070894212";"Pune";"Maharashtra";"India";"2024-03-15";"2024-04-14";47;87915.62;"VIP";"1";58;1870.55
"N0277";"nirja";"banerjee";"1964-04-20";"Female";"nirja.banerjee277@example.com";"9244009989";"Bangalore";"Karnataka";"India";"2023-02-02";"2026-06-06";40;59313.56;"Regular";"1";62;1482.84
"N0278";"anjali";"palla";"2000-02-02";"Male";"anjali.palla@gmail.com";"6720024008";"Chennai";"Tamil Nadu";"India";"2022-12-30";"2025-11-27";37;86499.55;"VIP";"1";26;2337.83
"N0279";"baljiwan";"bakshi";"2003-12-05";"Female";"baljiwan.bakshi@gmail.com";"9928032597";"Mumbai";"Maharashtra";"India";"2024-08-09";"2026-05-11";17;59313.56;"Regular";"1";22;3489.03
"N0280";"aadhya";"chakrabarti";"1986-03-14";"Male";"aadhya.chakrabarti@gmail.com";"7382111967";"Chennai";"Tamil Nadu";"India";"2023-11-04";"2025-11-17";4;71831.71;"VIP";"1";40;17957.93
"N0281";"lipika";"edwin";"1974-08-11";"Male";"lipika.edwin@gmail.com";"8010892589";"Pune";"Maharashtra";"India";"2024-08-10";"2026-05-12";23;11233.56;"Regular";"1";51;488.42
"N0282";"nathaniel";"dani";"1985-07-13";"Male";"nathaniel.dani@gmail.com";"6209262790";"Madurai";"Tamil Nadu";"India";"2021-11-17";"2025-09-24";50;59313.56;"Premium";"0";40;1186.27
"N0283";"bimala";"sarraf";"1978-02-12";"Male";"bimala.sarraf@gmail.com";"7102170699";"Hyderabad";"Telangana";"India";"2024-06-01";"2025-07-03";24;63650.93;"VIP";"1";48;2652.12
"N0284";"libni";"sarin";"1991-05-09";"Female";"libni.sarin@gmail.com";"9267398042";"Mumbai";"Maharashtra";"India";"2021-09-11";"2025-10-19";48;39763.78;"Premium";"1";35;828.41
"N0285";"vidhi";"sarin";"1962-08-28";"Female";"vidhi.sarin285@example.com";"7620284422";"Madurai";"Tamil Nadu";"India";"2024-02-10";"2025-07-11";1;7812.34;"Regular";"0";63;7812.34
"N0286";"yachana";"shere";"1996-11-03";"Male";"yachana.shere@gmail.com";"8624208768";"Mumbai";"Maharashtra";"India";"2024-02-03";"2025-06-26";11;59313.56;"Premium";"0";29;5392.14
"N0287";"saumya";"choudhry";"1981-09-09";"Female";"saumya.choudhry@gmail.com";"9708972624";"Mumbai";"Maharashtra";"India";"2025-01-01";"2026-05-31";40;78170.3;"VIP";"0";44;1954.26
"N0288";"william";"saha";"2003-10-06";"Female";"william.saha@gmail.com";"7497576974";"Madurai";"Tamil Nadu";"India";"2021-10-24";"2026-05-10";42;81234.64;"VIP";"0";22;1934.16
"N0289";"yasti";"gour";"1968-03-22";"Female";"yasti.gour@gmail.com";"7416752241";"Kolkata";"West Bengal";"India";"2024-12-28";"2025-08-23";39;18748.01;"Premium";"1";58;480.72
"N0290";"oscar";"kapoor";"1966-12-26";"Female";"oscar.kapoor@gmail.com";"6264066432";"Pune";"Maharashtra";"India";"2023-01-10";"2025-09-18";11;4752.3;"Regular";"0";59;432.03
"N0291";"tejas";"garg";"1986-04-08";"Male";"tejas.garg@gmail.com";"9555229939";"Delhi";"Delhi";"India";"2024-05-16";"2025-11-12";39;1245.2;"New";"0";40;31.93
"N0292";"shravya";"muni";"1981-10-01";"Female";"shravya.muni@gmail.com";"9302166931";"Pune";"Maharashtra";"India";"2024-02-27";"2025-06-27";15;11235.96;"Regular";"1";44;749.06
"N0293";"naksh";"vig";"1986-05-06";"Male";"naksh.vig@gmail.com";"6651996437";"Chennai";"Tamil Nadu";"India";"2024-02-17";"2026-02-21";36;43540.75;"VIP";"0";40;1209.47
"N0294";"jhalak";"mandal";"1965-01-10";"Male";"jhalak.mandal@gmail.com";"9766147105";"Hyderabad";"Telangana";"India";"2025-04-09";"2025-09-03";18;118048.14;"VIP";"0";61;6558.23
"N0295";"jeet";"chhabra";"1978-10-21";"Male";"jeet.chhabra@gmail.com";"7186644823";"Mumbai";"Maharashtra";"India";"2024-08-10";"2025-08-29";43;105717.32;"VIP";"1";47;2458.54
"N0296";"yashodhara";"batra";"1976-03-10";"Male";"yashodhara.batra@gmail.com";"8054575217";"Pune";"Maharashtra";"India";"2021-08-06";"2025-11-28";9;111622.74;"VIP";"0";50;12402.53
"N0297";"samarth";"prabhakar";"2001-06-26";"Female";"samarth.prabhakar@gmail.com";"6197590203";"Delhi";"Delhi";"India";"2023-08-10";"2025-07-15";34;54859.44;"VIP";"1";24;1613.51
"N0298";"lucky";"sunder";"1983-09-08";"Female";"lucky.sunder@gmail.com";"9371728017";"Delhi";"Delhi";"India";"2023-05-07";"2026-02-22";16;21497.59;"Premium";"1";42;1343.6
"N0299";"oliver";"murthy";"2007-12-02";"Female";"oliver.murthy@gmail.com";"8896002535";"Delhi";"Delhi";"India";"2021-10-24";"2025-08-17";39;5434.81;"Regular";"0";18;139.35
"N0300";"balhaar";"radhakrishnan";"1985-11-14";"Male";"balhaar.radhakrishnan@gmail.com";"7133349089";"Madurai";"Tamil Nadu";"India";"2024-08-21";"2026-02-19";8;49245.24;"VIP";"1";40;6155.66
"N0301";"laksh";"tak";"1968-02-20";"Female";"laksh.tak@gmail.com";"6748882712";"Pune";"Maharashtra";"India";"2021-11-07";"2025-10-01";36;79636.37;"VIP";"0";58;2212.12
"N0302";"yagnesh";"deol";"1980-09-01";"Male";"yagnesh.deol@gmail.com";"6373392659";"Delhi";"Delhi";"India";"2022-08-28";"2026-02-03";2;67585.53;"VIP";"1";45;33792.77
"N0303";"kevin";"badami";"1975-06-08";"Male";"kevin.badami@gmail.com";"9452845245";"Bangalore";"Karnataka";"India";"2023-01-22";"2025-10-16";0;111661.95;"VIP";"1";51;0.0
"N0304";"rachita";"kumar";"2006-11-26";"Male";"rachita.kumar@gmail.com";"7831994171";"Delhi";"Delhi";"India";"2022-03-18";"2025-11-01";4;63461.75;"VIP";"1";19;15865.44
"N0305";"yamini";"pandya";"1967-06-12";"Male";"yamini.pandya@gmail.com";"6599172250";"Pune";"Maharashtra";"India";"2022-10-05";"2026-05-18";19;108883.66;"VIP";"1";59;5730.72
"N0306";"atharv";"dugar";"1963-12-08";"Male";"atharv.dugar@gmail.com";"7266987023";"Pune";"Maharashtra";"India";"2024-02-07";"2026-01-24";50;85880.0;"VIP";"1";62;1717.6
"N0307";"jagrati";"baral";"1981-08-14";"Female";"jagrati.baral@gmail.com";"8251923696";"Delhi";"Delhi";"India";"2025-03-12";"2025-10-29";30;72547.32;"VIP";"1";44;2418.24
"N0308";"vyanjana";"halder";"1971-03-23";"Female";"vyanjana.halder@gmail.com";"6308339554";"Kolkata";"West Bengal";"India";"2022-03-24";"2026-03-14";37;54097.5;"VIP";"0";55;1462.09
"N0309";"charita";"gera";"1992-12-05";"Male";"charita.gera@gmail.com";"9488696516";"Kolkata";"West Bengal";"India";"2021-08-21";"2026-05-09";7;96156.03;"VIP";"1";33;13736.58
"N0310";"liam";"arora";"1966-05-19";"Female";"liam.arora@gmail.com";"7045573419";"Coimbatore";"Tamil Nadu";"India";"2022-12-21";"2026-03-24";2;68611.79;"VIP";"0";60;34305.9
"N0311";"onkar";"bal";"1993-02-17";"Male";"onkar.bal@gmail.com";"6408006854";"Delhi";"Delhi";"India";"2021-12-16";"2026-02-01";2;45918.57;"VIP";"1";33;22959.29
"N0312";"watika";"minhas";"1977-12-13";"Male";"watika.minhas@gmail.com";"7679793357";"Hyderabad";"Telangana";"India";"2024-06-30";"2026-02-01";14;67560.18;"VIP";"1";48;4825.73
"N0313";"nisha";"manda";"1974-02-24";"Female";"nisha.manda@gmail.com";"7355995695";"Pune";"Maharashtra";"India";"2024-08-20";"2026-04-10";9;8239.58;"Regular";"1";52;915.51
"N0314";"indali";"loyal";"1968-12-24";"Male";"indali.loyal@gmail.com";"9000000313";"Madurai";"Tamil Nadu";"India";"2022-02-11";"2025-09-30";24;6570.72;"Regular";"0";57;273.78
"N0315";"imaran";"kata";"1973-03-15";"Female";"imaran.kata@gmail.com";"8303953132";"Hyderabad";"Telangana";"India";"2022-10-19";"2025-08-19";32;74497.33;"VIP";"1";53;2328.04
"N0316";"aarush";"raman";"1975-06-30";"Female";"aarush.raman@gmail.com";"9657505813";"Kolkata";"West Bengal";"India";"2024-08-15";"2025-10-10";19;59313.56;"VIP";"1";50;3121.77
"N0317";"aarini";"zachariah";"1982-02-09";"Female";"aarini.zachariah@gmail.com";"7581026462";"Pune";"Maharashtra";"India";"2022-05-21";"2025-09-14";1;103236.85;"VIP";"0";44;103236.85
"N0318";"hredhaan";"dutt";"1967-06-23";"Female";"hredhaan.dutt@gmail.com";"7864102791";"Coimbatore";"Tamil Nadu";"India";"2024-10-25";"2026-02-15";14;119378.52;"VIP";"0";58;8527.04
"N0319";"harsh";"vora";"1981-06-26";"Male";"harsh.vora@gmail.com";"8596793620";"Pune";"Maharashtra";"India";"2025-04-27";"2025-06-25";13;115802.37;"VIP";"0";44;8907.87
"N0320";"shaurya";"kakar";"1971-12-01";"Female";"shaurya.kakar320@example.com";"8685341898";"Madurai";"Tamil Nadu";"India";"2024-12-31";"2025-07-14";33;96355.82;"VIP";"1";54;2919.87
"N0321";"brinda";"mani";"1980-11-27";"Female";"brinda.mani@gmail.com";"9555632315";"Pune";"Maharashtra";"India";"2022-08-14";"2026-03-10";4;74976.7;"VIP";"1";45;18744.18
"N0322";"manya";"dalal";"1983-04-03";"Female";"manya.dalal@gmail.com";"6990420884";"Pune";"Maharashtra";"India";"2022-11-28";"2026-01-07";15;58648.52;"VIP";"1";43;3909.9
"N0323";"nikita";"mammen";"2003-02-26";"Male";"nikita.mammen@gmail.com";"8951692981";"Kolkata";"West Bengal";"India";"2024-09-21";"2025-07-24";7;78033.58;"VIP";"0";23;11147.65
"N0324";"hemang";"dutta";"1995-10-18";"Male";"hemang.dutta@gmail.com";"9698110130";"Mumbai";"Maharashtra";"India";"2024-02-09";"2025-11-29";1;42658.87;"Premium";"1";30;42658.87
"N0325";"yochana";"bali";"1980-08-30";"Female";"yochana.bali@gmail.com";"6442285701";"Chennai";"Tamil Nadu";"India";"2024-06-03";"2025-09-16";28;76622.88;"VIP";"0";45;2736.53
"N0326";"chanakya";"samra";"1990-08-10";"Male";"chanakya.samra@gmail.com";"8185554012";"Delhi";"Delhi";"India";"2022-06-09";"2026-06-06";48;2912.37;"New";"1";35;60.67
"N0327";"kritika";"vasa";"1978-06-27";"Male";"kritika.vasa@gmail.com";"6679974854";"Pune";"Maharashtra";"India";"2025-03-25";"2025-04-24";9;2298.69;"New";"0";47;255.41
"N0328";"krishna";"borra";"1963-10-25";"Male";"krishna.borra328@example.com";"9001550352";"Pune";"Maharashtra";"India";"2024-11-04";"2025-08-27";12;63232.75;"VIP";"0";62;5269.4
"N0329";"turvi";"salvi";"1971-07-02";"Male";"turvi.salvi@gmail.com";"9604518733";"Delhi";"Delhi";"India";"2024-07-12";"2026-03-11";3;32403.35;"Premium";"1";54;10801.12
"N0330";"devansh";"sani";"1976-11-29";"Male";"devansh.sani@gmail.com";"8738984013";"Chennai";"Tamil Nadu";"India";"2023-10-31";"2026-01-21";36;42758.28;"Premium";"0";49;1187.73
"N0331";"baljiwan";"d’alia";"1987-08-03";"Female";"baljiwan.d’alia@gmail.com";"9182564211";"Mumbai";"Maharashtra";"India";"2024-02-01";"2025-09-05";16;75134.93;"VIP";"1";38;4695.93
"N0332";"zilmil";"mohan";"1978-06-28";"Female";"zilmil.mohan@gmail.com";"7139539524";"Coimbatore";"Tamil Nadu";"India";"2021-10-03";"2021-11-02";35;40437.58;"Premium";"1";47;1155.36
"N0333";"max";"shukla";"1978-10-01";"Male";"max.shukla@gmail.com";"9736883992";"Delhi";"Karnataka";"India";"2022-06-10";"2025-07-13";28;100840.66;"VIP";"1";47;3601.45
"N0334";"gaurika";"sarraf";"2004-05-01";"Female";"gaurika.sarraf@gmail.com";"9848984958";"Bangalore";"Karnataka";"India";"2021-07-29";"2026-01-03";50;4094.07;"Regular";"0";22;81.88
"N0335";"chavvi";"chawla";"1987-06-26";"Female";"chavvi.chawla@gmail.com";"9394020436";"Bangalore";"Karnataka";"India";"2024-08-16";"2025-11-15";18;98967.55;"VIP";"0";38;5498.2
"N0336";"falan";"prasad";"1978-11-18";"Male";"falan.prasad@gmail.com";"9505337568";"Pune";"Maharashtra";"India";"2022-04-12";"2026-03-13";6;63927.61;"VIP";"0";47;10654.6
"N0337";"zaitra";"shukla";"1970-08-05";"Female";"zaitra.shukla@gmail.com";"8565339042";"Chennai";"Tamil Nadu";"India";"2022-02-08";"2026-06-04";6;64802.61;"VIP";"1";55;10800.44
"N0338";"jagvi";"garg";"1991-11-30";"Male";"jagvi.garg@gmail.com";"7000751090";"Mumbai";"Maharashtra";"India";"2024-02-13";"2025-09-18";46;115586.0;"VIP";"0";34;2512.74
"N0339";"andrew";"rout";"1974-12-20";"Female";"andrew.rout@gmail.com";"8136719628";"Hyderabad";"Telangana";"India";"2022-05-13";"2025-07-22";34;87255.6;"VIP";"1";51;2566.34
"N0340";"eiravati";"shankar";"1972-06-17";"Male";"eiravati.shankar@gmail.com";"9176923676";"Chennai";"Tamil Nadu";"India";"2022-05-20";"2026-01-06";24;87344.49;"VIP";"0";53;3639.35
"N0341";"theodore";"raja";"1963-04-07";"Male";"theodore.raja@gmail.com";"7262862684";"Chennai";"Tamil Nadu";"India";"2021-07-22";"2026-02-11";40;118045.59;"VIP";"1";63;2951.14
"N0342";"chaaya";"oza";"1969-05-17";"Male";"chaaya.oza@gmail.com";"8173987725";"Bangalore";"Karnataka";"India";"2022-10-29";"2025-09-25";38;109796.98;"VIP";"0";57;2889.39
"N0343";"upma";"wason";"1998-07-27";"Female";"upma.wason@gmail.com";"8453407637";"Mumbai";"Maharashtra";"India";"2022-05-07";"2025-07-02";27;57805.03;"VIP";"1";27;2140.93
"N0344";"zarna";"iyengar";"1983-03-22";"Female";"zarna.iyengar344@example.com";"9048616292";"Delhi";"Delhi";"India";"2025-03-28";"2025-11-23";22;86584.14;"VIP";"1";43;3935.64
"N0345";"oviya";"khosla";"1989-01-28";"Male";"oviya.khosla@gmail.com";"12345";"Chennai";"Tamil Nadu";"India";"2024-02-04";"2026-01-07";48;15934.51;"Premium";"1";37;331.97
"N0346";"saumya";"kata";"1986-02-05";"Female";"saumya.kata@gmail.com";"7569616871";"Chennai";"Tamil Nadu";"India";"2025-05-26";"2025-11-10";47;69506.37;"VIP";"1";40;1478.86
"N0347";"rayaan";"suresh";"2004-06-22";"Male";"rayaan.suresh@gmail.com";"9302898492";"Delhi";"Delhi";"India";"2023-01-13";"2025-06-27";24;57565.88;"VIP";"0";21;2398.58
"N0348";"wahab";"bali";"1978-06-09";"Female";"wahab.bali@gmail.com";"9629855035";"Bangalore";"Karnataka";"India";"2022-04-26";"2026-06-08";36;84236.79;"VIP";"1";48;2339.91
"N0349";"abhimanyu";"khare";"1991-02-08";"Female";"abhimanyu.khare349@example.com";"8142165867";"Coimbatore";"Tamil Nadu";"India";"2025-02-24";"2026-04-12";11;8066.2;"Regular";"1";35;733.29
"N0350";"indali";"nanda";"1973-11-25";"Male";"indali.nanda@gmail.com";"9000000349";"Pune";"Maharashtra";"India";"2022-06-24";"2025-08-26";33;93534.33;"VIP";"0";52;2834.37
"N0351";"fitan";"radhakrishnan";"1986-08-05";"Female";"fitan.radhakrishnan@gmail.com";"7258495592";"Delhi";"Delhi";"India";"2021-08-01";"2026-03-05";23;47076.17;"VIP";"1";39;2046.79
"N0352";"aradhana";"sridhar";"1963-07-07";"Male";"aradhana.sridhar@gmail.com";"6639590685";"Mumbai";"Maharashtra";"India";"2023-09-13";"2025-10-31";21;36373.88;"Premium";"1";62;1732.09
"N0353";"kai";"bhagat";"2008-03-28";"Female";"kai.bhagat@gmail.com";"8809843021";"Pune";"Maharashtra";"India";"2023-09-30";"2025-10-31";22;101712.88;"VIP";"0";18;4623.31
"N0354";"oni";"aurora";"1988-12-02";"Female";"oni.aurora@gmail.com";"8768266765";"Hyderabad";"Telangana";"India";"2022-02-10";"2025-07-07";12;1671.34;"New";"0";37;139.28
"N0355";"vedika";"gade";"1996-09-23";"Female";"vedika.gade@gmail.com";"6437751809";"Mumbai";"Maharashtra";"India";"2023-04-11";"2026-04-26";43;115990.39;"VIP";"1";29;2697.45
"N0356";"agastya";"tak";"1988-04-24";"Male";"agastya.tak@gmail.com";"6857953791";"Mumbai";"Maharashtra";"India";"2025-02-12";"2026-02-17";35;85026.4;"VIP";"0";38;2429.33
"N0357";"mitali";"mane";"1987-09-11";"Male";"mitali.mane@gmail.com";"12345";"Hyderabad";"Telangana";"India";"2023-11-16";"2026-05-28";50;87104.99;"VIP";"0";38;1742.1
"N0358";"tara";"bahri";"1994-05-25";"Female";"tara.bahri@gmail.com";"7368878290";"Mumbai";"Maharashtra";"India";"2024-02-01";"2025-09-17";31;3466.96;"New";"0";32;111.84
"N0359";"mitesh";"kothari";"1972-11-20";"Male";"mitesh.kothari359@example.com";"8745310613";"Chennai";"Tamil Nadu";"India";"2023-10-13";"2025-07-20";1;117070.2;"VIP";"1";53;117070.2
"N0360";"yamini";"kibe";"1983-04-14";"Male";"yamini.kibe@gmail.com";"8940709953";"Bangalore";"Karnataka";"India";"2024-01-20";"2025-11-14";12;46073.37;"VIP";"0";43;3839.45
"N0361";"irya";"venkataraman";"1990-10-26";"Male";"irya.venkataraman@gmail.com";"6681303655";"Madurai";"Tamil Nadu";"India";"2023-04-01";"2026-01-08";43;65442.06;"VIP";"0";35;1521.91
"N0362";"chatresh";"vaidya";"1985-03-15";"Male";"chatresh.vaidya@gmail.com";"6422182383";"Delhi";"Delhi";"India";"2022-11-02";"2026-03-05";47;23040.96;"Premium";"0";41;490.23
"N0363";"vansha";"more";"1984-04-08";"Female";"vansha.more@gmail.com";"6590747199";"Chennai";"Tamil Nadu";"India";"2024-05-30";"2025-07-12";33;25284.57;"Premium";"0";42;766.2
"N0364";"daksh";"bhasin";"1998-12-17";"Female";"daksh.bhasin@gmail.com";"8788609743";"Hyderabad";"Telangana";"India";"2022-08-10";"2026-04-07";27;49788.35;"VIP";"0";27;1844.01
"N0365";"naveen";"sachar";"1997-04-13";"Female";"naveen.sachar@gmail.com";"6334292420";"Delhi";"Tamil Nadu";"India";"2023-03-27";"2026-04-15";27;61483.84;"VIP";"1";29;2277.18
"N0366";"chaman";"agarwal";"1974-08-25";"Female";"chaman.agarwal@gmail.com";"9411390406";"Chennai";"Tamil Nadu";"India";"2022-07-06";"2025-06-24";44;90411.29;"VIP";"0";51;2054.8
"N0367";"dev";"raju";"1993-12-18";"Female";"dev.raju367@example.com";"9576860858";"Kolkata";"West Bengal";"India";"2024-09-07";"2026-04-30";11;62622.79;"VIP";"1";32;5692.98
"N0368";"joshua";"savant";"1992-01-03";"Male";"joshua.savant@gmail.com";"8818437497";"Coimbatore";"Tamil Nadu";"India";"2024-10-11";"2026-05-20";22;7444.07;"Regular";"1";34;338.37
"N0369";"bhanumati";"bala";"1988-11-15";"Female";"bhanumati.bala@gmail.com";"7967834589";"Delhi";"Delhi";"India";"2025-02-02";"2026-02-18";25;1002.74;"New";"0";37;40.11
"N0370";"triya";"parsa";"2006-10-21";"Female";"triya.parsa@gmail.com";"9550257474";"Pune";"Maharashtra";"India";"2024-05-31";"2026-03-18";4;41423.25;"Premium";"0";19;10355.81
"N0371";"urishilla";"balan";"1985-11-15";"Female";"urishilla.balan@gmail.com";"8140357183";"Hyderabad";"Telangana";"India";"2022-02-26";"2025-07-16";6;26386.94;"Premium";"0";40;4397.82
"N0372";"arin";"kapur";"1998-07-05";"Female";"arin.kapur@gmail.com";"6181825276";"Kolkata";"West Bengal";"India";"2022-10-03";"2025-10-18";18;24498.39;"Premium";"1";27;1361.02
"N0373";"ucchal";"bhagat";"2006-04-04";"Male";"ucchal.bhagat@gmail.com";"7410482030";"Mumbai";"Maharashtra";"India";"2024-09-17";"2026-01-29";3;33216.81;"Premium";"1";20;11072.27
"N0374";"sai";"sahota";"2004-10-01";"Female";"sai.sahota@gmail.com";"9718896441";"Mumbai";"Maharashtra";"India";"2023-12-28";"2026-03-09";38;34624.68;"Premium";"0";21;911.18
"N0375";"atharv";"wadhwa";"2005-10-17";"Female";"atharv.wadhwa@gmail.com";"7703613228";"Madurai";"Tamil Nadu";"India";"2024-03-14";"2026-05-15";41;103078.37;"VIP";"0";20;2514.11
"N0376";"reyansh";"kant";"2001-11-07";"Female";"reyansh.kant@gmail.com";"9845652216";"Pune";"Maharashtra";"India";"2023-01-12";"2026-03-28";15;35217.9;"Premium";"0";24;2347.86
"N0377";"ikshita";"sant";"2004-03-27";"Female";"ikshita.sant377@example.com";"7762695172";"Coimbatore";"Tamil Nadu";"India";"2021-09-16";"2026-01-06";44;13100.88;"Premium";"1";22;297.75
"N0378";"dalbir";"bala";"2006-09-18";"Female";"dalbir.bala@gmail.com";"9000000377";"Pune";"Maharashtra";"India";"2022-07-21";"2025-09-28";21;79415.5;"VIP";"0";19;3781.69
"N0379";"pahal";"dara";"1978-10-11";"Female";"pahal.dara@gmail.com";"6266562968";"Pune";"Maharashtra";"India";"2024-12-07";"2025-10-18";9;59313.56;"VIP";"1";47;6590.4
"N0380";"rushil";"nagar";"1987-10-29";"Male";"rushil.nagar380@example.com";"9194617231";"Bangalore";"Karnataka";"India";"2024-01-19";"2026-04-29";50;48516.42;"VIP";"1";38;970.33
"N0381";"falan";"jha";"1970-04-13";"Female";"falan.jha@gmail.com";"12345";"Mumbai";"Maharashtra";"India";"2022-08-21";"2025-12-19";32;73974.72;"VIP";"0";56;2311.71
"N0382";"ishani";"mall";"1985-07-01";"Female";"ishani.mall@gmail.com";"8055563969";"Mumbai";"Maharashtra";"India";"2022-07-25";"2026-01-15";4;58150.53;"VIP";"1";40;14537.63
"N0383";"tripti";"vaidya";"1966-07-28";"Male";"tripti.vaidya@gmail.com";"7717461825";"Pune";"Maharashtra";"India";"2022-06-19";"2026-02-13";33;119474.62;"VIP";"0";59;3620.44
"N0384";"anvi";"pall";"1976-10-28";"Male";"anvi.pall384@example.com";"9650283261";"Delhi";"Delhi";"India";"2024-10-16";"2026-02-05";36;1749.19;"New";"0";49;48.59
"N0385";"teerth";"rout";"2005-01-14";"Female";"teerth.rout@gmail.com";"6177214893";"Coimbatore";"Tamil Nadu";"India";"2022-07-01";"2025-09-10";1;45159.78;"VIP";"0";21;45159.78
"N0386";"chakradev";"sur";"1981-06-29";"Male";"chakradev.sur@gmail.com";"9559595073";"Bangalore";"Karnataka";"India";"2024-09-05";"2026-01-09";1;14821.19;"Premium";"1";44;14821.19
"N0387";"devansh";"toor";"2005-03-15";"Female";"devansh.toor@gmail.com";"6046577917";"Bangalore";"Karnataka";"India";"2023-03-22";"2025-10-17";31;112559.86;"VIP";"1";21;3630.96
"N0388";"warjas";"lad";"2002-09-07";"Male";"warjas.lad388@example.com";"7414021061";"Coimbatore";"Tamil Nadu";"India";"2024-05-30";"2025-09-12";9;88142.35;"VIP";"0";23;9793.59
"N0389";"advika";"bains";"1961-07-13";"Male";"advika.bains@gmail.com";"6586691364";"Bangalore";"Karnataka";"India";"2023-09-08";"2026-01-22";15;26123.68;"Premium";"0";64;1741.58
"N0390";"vanya";"ganguly";"2006-12-10";"Female";"vanya.ganguly@gmail.com";"9515290902";"Hyderabad";"Telangana";"India";"2025-04-25";"2025-05-25";24;26811.41;"Premium";"1";19;1117.14
"N0391";"frederick";"pau";"1973-07-30";"Female";"frederick.pau@gmail.com";"9296798545";"Delhi";"Delhi";"India";"2023-11-22";"2026-02-16";19;110267.15;"VIP";"1";52;5803.53
"N0392";"waida";"deo";"1983-07-09";"Female";"waida.deo@gmail.com";"6428750167";"Madurai";"Tamil Nadu";"India";"2024-11-15";"2026-02-18";17;81921.14;"VIP";"0";42;4818.89
"N0393";"odika";"swamy";"2000-05-23";"Female";"odika.swamy@gmail.com";"7558182579";"Bangalore";"Karnataka";"India";"2023-08-07";"2026-04-16";11;30651.61;"Premium";"0";26;2786.51
"N0394";"nachiket";"agate";"1993-12-27";"Male";"nachiket.agate@gmail.com";"8458416745";"Delhi";"Delhi";"India";"2022-12-02";"2025-09-04";5;43270.85;"VIP";"0";32;8654.17
"N0395";"aayush";"mallick";"1980-10-21";"Male";"aayush.mallick@gmail.com";"7001636122";"Hyderabad";"Telangana";"India";"2025-06-04";"2026-03-11";42;103075.89;"VIP";"0";45;2454.19
"N0396";"nitesh";"andra";"1993-08-25";"Male";"nitesh.andra@gmail.com";"7939729933";"Mumbai";"Maharashtra";"India";"2021-12-12";"2026-03-26";2;104815.27;"VIP";"1";32;52407.64
"N0397";"advaith";"sen";"1995-06-27";"Male";"advaith.sen@gmail.com";"7471413436";"Delhi";"Maharashtra";"India";"2025-03-11";"2026-04-19";33;32853.46;"Premium";"0";30;995.56
"N0398";"ira";"sinha";"1990-12-17";"Male";"ira.sinha@gmail.com";"7120313704";"Delhi";"Delhi";"India";"2025-03-04";"2025-09-15";32;93721.58;"VIP";"0";35;2928.8
"N0399";"kalpit";"sampath";"1979-09-08";"Female";"kalpit.sampath@gmail.com";"9663510563";"Madurai";"Tamil Nadu";"India";"2024-04-30";"2025-09-06";17;118966.13;"VIP";"0";46;6998.01
"N0400";"owen";"loke";"1971-03-28";"Female";"owen.loke@gmail.com";"9255962251";"Bangalore";"Karnataka";"India";"2023-06-26";"2025-11-12";43;62075.15;"VIP";"0";55;1443.61
"N0401";"maya";"chaudhary";"1987-12-11";"Female";"maya.chaudhary@gmail.com";"6153875584";"Kolkata";"West Bengal";"India";"2022-06-03";"2025-11-16";18;7386.16;"Regular";"0";38;410.34
"N0402";"abeer";"mohanty";"1986-09-20";"Male";"abeer.mohanty@gmail.com";"9826656376";"Hyderabad";"Telangana";"India";"2024-02-25";"2026-03-23";5;108564.29;"VIP";"0";39;21712.86
"N0403";"ishanvi";"bose";"1982-04-29";"Male";"ishanvi.bose@gmail.com";"8650068595";"Bangalore";"Karnataka";"India";"2023-01-07";"2026-06-02";18;94533.5;"VIP";"1";44;5251.86
"N0404";"ojasvi";"salvi";"1971-08-27";"Female";"ojasvi.salvi@gmail.com";"6702148570";"Pune";"Maharashtra";"India";"2021-08-30";"2026-01-18";1;67390.76;"VIP";"1";54;67390.76
"N0405";"rajata";"kashyap";"1999-05-27";"Female";"rajata.kashyap@gmail.com";"7583925684";"Delhi";"Delhi";"India";"2024-08-04";"2026-04-29";20;114210.06;"VIP";"0";27;5710.5
"N0406";"dhriti";"subramaniam";"1998-08-09";"Male";"dhriti.subramaniam@gmail.com";"7693373581";"Bangalore";"Karnataka";"India";"2023-01-31";"2026-06-05";8;82050.85;"VIP";"0";27;10256.36
"N0407";"jagdish";"nagarajan";"2007-08-26";"Male";"jagdish.nagarajan@gmail.com";"9931109686";"Coimbatore";"Tamil Nadu";"India";"2021-09-11";"2025-10-17";21;22437.83;"Premium";"0";18;1068.47
"N0408";"ridhi";"swaminathan";"1987-11-05";"Male";"ridhi.swaminathan@gmail.com";"7137271370";"Bangalore";"Karnataka";"India";"2025-05-26";"2025-11-01";15;79979.7;"VIP";"1";38;5331.98
"N0409";"daksh";"mahal";"1973-11-21";"Female";"daksh.mahal@gmail.com";"9000000408";"Bangalore";"Karnataka";"India";"2025-04-10";"2025-11-13";8;96559.97;"VIP";"0";52;12070.0
"N0410";"bhavya";"barad";"1965-11-06";"Female";"bhavya.barad@gmail.com";"7946188227";"Kolkata";"West Bengal";"India";"2024-05-22";"2025-08-08";35;99951.3;"VIP";"0";60;2855.75
"N0411";"kala";"mall";"1984-11-10";"Male";"kala.mall@gmail.com";"6662031958";"Hyderabad";"Telangana";"India";"2024-06-04";"2026-06-01";5;39555.85;"Premium";"1";41;7911.17
"N0412";"kamala";"bassi";"1978-06-19";"Female";"kamala.bassi@gmail.com";"7688656770";"Chennai";"Tamil Nadu";"India";"2021-11-19";"2026-04-13";10;56775.07;"VIP";"0";47;5677.51
"N0413";"madhav";"prabhu";"1999-01-22";"Male";"madhav.prabhu@gmail.com";"9348825393";"Kolkata";"West Bengal";"India";"2025-05-13";"2025-08-06";30;117359.51;"VIP";"1";27;3911.98
"N0414";"gopal";"bansal";"2006-01-04";"Female";"gopal.bansal@gmail.com";"7419210210";"Pune";"Maharashtra";"India";"2024-01-07";"2025-07-16";17;59274.37;"VIP";"0";20;3486.73
"N0415";"avni";"gala";"2003-11-29";"Male";"avni.gala@gmail.com";"6938577577";"Coimbatore";"Tamil Nadu";"India";"2022-02-03";"2025-08-25";49;87979.12;"VIP";"1";22;1795.49
"N0416";"jason";"sharaf";"1998-09-24";"Male";"jason.sharaf@gmail.com";"6895997159";"Mumbai";"Maharashtra";"India";"2022-08-19";"2025-06-20";35;18412.35;"Premium";"1";27;526.07
"N0417";"upma";"bhandari";"1967-09-15";"Female";"upma.bhandari@gmail.com";"9382305286";"Kolkata";"West Bengal";"India";"2021-08-20";"2025-06-28";36;43429.19;"VIP";"0";58;1206.37
"N0418";"lopa";"sanghvi";"1969-08-15";"Male";"lopa.sanghvi@gmail.com";"9417773294";"Pune";"Maharashtra";"India";"2022-04-20";"2025-08-19";45;3960.29;"New";"1";56;88.01
"N0419";"suhani";"saxena";"1983-10-20";"Male";"suhani.saxena@gmail.com";"8056253038";"Kolkata";"West Bengal";"India";"2023-02-09";"2025-08-14";45;112177.13;"VIP";"1";42;2492.83
"N0420";"logan";"kuruvilla";"1965-11-02";"Male";"logan.kuruvilla@gmail.com";"9741866175";"Mumbai";"Maharashtra";"India";"2022-12-03";"2025-10-07";24;40542.43;"Premium";"0";60;1689.27
"N0421";"ubika";"thakur";"1996-06-14";"Male";"ubika.thakur@gmail.com";"7990439199";"Delhi";"Delhi";"India";"2023-04-15";"2026-03-11";29;30482.94;"Premium";"1";30;1051.14
"N0422";"harshil";"sharma";"1968-08-17";"Female";"harshil.sharma422@example.com";"8548860628";"Delhi";"Delhi";"India";"2021-08-05";"2026-03-22";25;106652.81;"VIP";"1";57;4266.11
"N0423";"timothy";"mittal";"1967-10-22";"Female";"timothy.mittal@gmail.com";"6384772214";"Kolkata";"West Bengal";"India";"2025-04-18";"2026-04-09";26;51385.46;"VIP";"0";58;1976.36
"N0424";"ira";"thakur";"2007-03-02";"Female";"ira.thakur@gmail.com";"9000000423";"Madurai";"Tamil Nadu";"India";"2023-11-03";"2025-12-22";19;83373.62;"VIP";"1";19;4388.09
"N0425";"abeer";"bansal";"1965-06-07";"Female";"abeer.bansal@gmail.com";"8357354777";"Chennai";"Tamil Nadu";"India";"2024-01-01";"2025-11-30";17;36440.81;"Premium";"0";61;2143.58
"N0426";"guneet";"koshy";"2003-02-16";"Male";"guneet.koshy@gmail.com";"6645585109";"Coimbatore";"Tamil Nadu";"India";"2024-08-30";"2025-07-19";3;18067.83;"Premium";"0";23;6022.61
"N0427";"abha";"majumdar";"1979-07-15";"Male";"abha.majumdar@gmail.com";"7943498972";"Bangalore";"Karnataka";"India";"2023-05-25";"2026-02-06";33;53965.32;"VIP";"0";46;1635.31
"N0428";"hardik";"sibal";"1983-10-16";"Male";"hardik.sibal@gmail.com";"9838195949";"Madurai";"Tamil Nadu";"India";"2025-01-25";"2026-03-13";44;27991.84;"Premium";"1";42;636.18
"N0429";"indrajit";"solanki";"1964-09-01";"Female";"indrajit.solanki@gmail.com";"6327048631";"Bangalore";"Karnataka";"India";"2024-01-09";"2025-08-27";18;1125.92;"New";"1";61;62.55
"N0430";"ati";"iyer";"1991-08-05";"Male";"ati.iyer@gmail.com";"9560985819";"Chennai";"Tamil Nadu";"India";"2021-11-13";"2026-02-14";31;109656.93;"VIP";"1";34;3537.32
"N0431";"ayushman";"bahri";"1997-09-09";"Male";"ayushman.bahri@gmail.com";"9183880024";"Mumbai";"Maharashtra";"India";"2024-08-21";"2026-02-10";7;19216.97;"Premium";"1";28;2745.28
"N0432";"fitan";"baral";"1964-09-12";"Male";"fitan.baral@gmail.com";"6368440927";"Bangalore";"Karnataka";"India";"2023-03-19";"2026-01-25";35;41577.62;"Premium";"1";61;1187.93
"N0433";"gunbir";"bajaj";"1978-08-26";"Female";"gunbir.bajaj@gmail.com";"7667201046";"Delhi";"Delhi";"India";"2023-06-24";"2026-01-01";18;1872.11;"New";"1";47;104.01
"N0434";"abhiram";"gala";"1997-12-12";"Male";"abhiram.gala@gmail.com";"8844916055";"Coimbatore";"Tamil Nadu";"India";"2022-05-23";"2025-07-03";25;32032.81;"Premium";"0";28;1281.31
"N0435";"isaiah";"bahri";"1988-03-11";"Male";"isaiah.bahri@gmail.com";"9427331531";"Hyderabad";"Telangana";"India";"2024-09-06";"2026-04-12";8;109137.51;"VIP";"1";38;13642.19
"N0436";"ria";"rastogi";"1979-11-17";"Male";"ria.rastogi@gmail.com";"9000000435";"Chennai";"Tamil Nadu";"India";"2024-12-03";"2025-09-25";32;54199.8;"VIP";"1";46;1693.74
"N0437";"upkaar";"balay";"1968-08-13";"Female";"upkaar.balay@gmail.com";"9437086565";"Delhi";"Delhi";"India";"2024-08-09";"2026-05-08";12;81515.51;"VIP";"1";57;6792.96
"N0438";"ekalinga";"char";"2002-07-27";"Female";"ekalinga.char@gmail.com";"6513742349";"Hyderabad";"Telangana";"India";"2022-06-26";"2026-01-13";4;27261.11;"Premium";"0";23;6815.28
"N0439";"jatin";"gola";"1973-09-11";"Male";"jatin.gola@gmail.com";"8598620285";"Hyderabad";"Telangana";"India";"2024-06-03";"2025-07-06";34;98824.6;"VIP";"0";52;2906.61
"N0440";"pavani";"bora";"2003-04-17";"Female";"pavani.bora@gmail.com";"8400573680";"Hyderabad";"Telangana";"India";"2021-12-13";"2025-10-30";48;103752.28;"VIP";"1";23;2161.51
"N0441";"alexander";"sachar";"1989-12-02";"Male";"alexander.sachar@gmail.com";"7645110144";"Kolkata";"West Bengal";"India";"2024-09-24";"2026-05-16";44;41505.39;"Premium";"1";36;943.3
"N0442";"vasatika";"sethi";"2005-02-22";"Male";"vasatika.sethi@gmail.com";"6181647409";"Chennai";"Tamil Nadu";"India";"2024-03-12";"2026-02-19";18;18175.91;"Premium";"0";21;1009.77
"N0443";"harini";"bhalla";"1996-10-17";"Female";"harini.bhalla@gmail.com";"9889742586";"Hyderabad";"Telangana";"India";"2024-08-09";"2026-01-11";48;93598.43;"VIP";"1";29;1949.97
"N0444";"tarak";"mukhopadhyay";"1998-12-30";"Female";"tarak.mukhopadhyay@gmail.com";"6639789583";"Bangalore";"Karnataka";"India";"2023-07-02";"2026-01-29";48;41195.47;"Premium";"0";27;858.24
"N0445";"kalpit";"khare";"1965-07-12";"Male";"kalpit.khare@gmail.com";"6972735448";"Bangalore";"Karnataka";"India";"2022-03-07";"2026-04-14";37;18745.89;"Premium";"0";60;506.65
"N0446";"shivansh";"mann";"1994-06-03";"Female";"shivansh.mann@gmail.com";"7970066038";"Pune";"Maharashtra";"India";"2025-05-26";"2026-04-11";37;96224.47;"VIP";"0";32;2600.66
"N0447";"sathvik";"srinivasan";"1981-09-23";"Female";"sathvik.srinivasan@gmail.com";"6330216888";"Madurai";"Tamil Nadu";"India";"2023-02-26";"2025-11-22";18;48800.24;"VIP";"1";44;2711.12
"N0448";"yadavi";"chand";"1975-08-30";"Male";"yadavi.chand@gmail.com";"7944685712";"Delhi";"Telangana";"India";"2022-11-24";"2025-06-26";35;98469.98;"VIP";"0";50;2813.43
"N0449";"isha";"dhar";"1996-12-26";"Female";"isha.dhar@gmail.com";"8777204758";"Chennai";"Tamil Nadu";"India";"2023-10-20";"2026-04-01";25;22157.71;"Premium";"1";29;886.31
"N0450";"garima";"taneja";"1963-06-03";"Male";"garima.taneja@gmail.com";"12345";"Chennai";"Tamil Nadu";"India";"2025-03-13";"2025-06-29";30;108060.48;"VIP";"0";63;3602.02
"N0451";"kamya";"bahl";"1982-10-26";"Female";"kamya.bahl@gmail.com";"9011264693";"Delhi";"Delhi";"India";"2021-11-03";"2025-07-27";42;80687.21;"VIP";"0";43;1921.12
"N0452";"oviya";"shanker";"2007-05-01";"Female";"oviya.shanker@gmail.com";"8811286723";"Coimbatore";"Tamil Nadu";"India";"2023-07-17";"2025-10-22";29;58921.99;"VIP";"0";19;2031.79
"N0453";"bhavani";"dass";"1994-03-08";"Female";"bhavani.dass@gmail.com";"6326963991";"Pune";"Maharashtra";"India";"2023-11-01";"2026-04-16";9;23687.02;"Premium";"1";32;2631.89
"N0454";"yadavi";"dara";"1994-09-24";"Female";"yadavi.dara@gmail.com";"7840714512";"Coimbatore";"Tamil Nadu";"India";"2022-11-14";"2026-05-06";17;112763.26;"VIP";"1";31;6633.13
"N0455";"gaurang";"panchal";"1989-12-05";"Male";"gaurang.panchal@gmail.com";"7117652490";"Delhi";"Delhi";"India";"2023-06-21";"2026-05-01";19;96147.01;"VIP";"0";36;5060.37
"N0456";"zaitra";"trivedi";"1977-04-30";"Male";"zaitra.trivedi@gmail.com";"9760618919";"Coimbatore";"Tamil Nadu";"India";"2025-05-12";"2025-10-10";27;72288.54;"VIP";"1";49;2677.35
"N0457";"arunima";"bava";"1977-04-03";"Male";"arunima.bava@gmail.com";"6753536949";"Mumbai";"Maharashtra";"India";"2024-11-18";"2025-06-18";14;76147.95;"VIP";"1";49;5439.14
"N0458";"triya";"sangha";"1974-10-13";"Male";"triya.sangha@gmail.com";"9197431467";"Delhi";"Delhi";"India";"2023-05-15";"2025-10-22";23;101893.87;"VIP";"1";51;4430.17
"N0459";"lila";"dugar";"1997-05-05";"Female";"lila.dugar@gmail.com";"8532665627";"Hyderabad";"Telangana";"India";"2025-02-14";"2026-01-23";26;70241.26;"VIP";"0";29;2701.59
"N0460";"ubika";"thakkar";"1972-06-02";"Male";"ubika.thakkar@gmail.com";"6243626007";"Pune";"Maharashtra";"India";"2022-03-22";"2026-05-07";29;113152.76;"VIP";"0";54;3901.82
"N0461";"bina";"dugal";"1970-04-12";"Female";"bina.dugal@gmail.com";"8554912962";"Coimbatore";"Tamil Nadu";"India";"2022-01-09";"2026-04-05";8;95826.97;"VIP";"1";56;11978.37
"N0462";"urvashi";"sen";"1967-11-08";"Male";"urvashi.sen@gmail.com";"8430901631";"Madurai";"Tamil Nadu";"India";"2023-01-02";"2025-10-29";30;47511.55;"VIP";"0";58;1583.72
"N0463";"lakshit";"vig";"2001-03-12";"Female";"lakshit.vig@gmail.com";"7427464580";"Delhi";"Delhi";"India";"2023-05-07";"2025-10-06";31;10108.13;"Regular";"0";25;326.07
"N0464";"zansi";"barman";"1964-07-12";"Male";"zansi.barman@gmail.com";"7968824742";"Hyderabad";"Telangana";"India";"2022-10-07";"2025-10-24";18;3304.03;"New";"0";61;183.56
"N0465";"bimala";"wason";"2006-11-18";"Female";"bimala.wason@gmail.com";"7972795843";"Kolkata";"West Bengal";"India";"2024-02-01";"2025-09-17";7;41411.51;"Premium";"1";19;5915.93
"N0466";"triya";"gupta";"1983-03-03";"Male";"triya.gupta@gmail.com";"8032226985";"Mumbai";"Maharashtra";"India";"2023-03-06";"2025-10-01";24;67153.15;"VIP";"1";43;2798.05
"N0467";"vasudha";"chada";"2003-06-07";"Female";"vasudha.chada@gmail.com";"8941948460";"Kolkata";"West Bengal";"India";"2023-11-22";"2025-07-01";26;83987.17;"VIP";"0";23;3230.28
"N0468";"jairaj";"kumar";"1987-11-27";"Male";"jairaj.kumar@gmail.com";"7343214427";"Delhi";"Delhi";"India";"2024-08-07";"2026-04-04";12;72283.66;"VIP";"0";38;6023.64
"N0469";"faras";"chanda";"1972-06-03";"Male";"faras.chanda@gmail.com";"9671551831";"Kolkata";"West Bengal";"India";"2024-01-05";"2025-11-29";27;107082.4;"VIP";"0";54;3966.01
"N0470";"megha";"dash";"1980-09-05";"Male";"megha.dash@gmail.com";"6946512167";"Madurai";"Tamil Nadu";"India";"2024-06-24";"2026-04-21";32;28935.48;"Premium";"0";45;904.23
"N0471";"mitesh";"bhardwaj";"1988-08-20";"Female";"mitesh.bhardwaj@gmail.com";"7512549989";"Coimbatore";"Tamil Nadu";"India";"2022-07-30";"2025-07-23";41;31187.24;"Premium";"0";37;760.66
"N0472";"xalak";"jaggi";"1984-02-27";"Male";"xalak.jaggi@gmail.com";"7054504257";"Delhi";"Delhi";"India";"2022-07-03";"2025-08-25";2;1867.73;"New";"1";42;933.87
"N0473";"yashawini";"sidhu";"1987-12-05";"Female";"yashawini.sidhu@gmail.com";"9827929038";"Coimbatore";"Tamil Nadu";"India";"2024-02-14";"2026-02-04";43;52523.03;"VIP";"0";38;1221.47
"N0474";"bhavini";"saxena";"1973-06-15";"Male";"bhavini.saxena@gmail.com";"6554697118";"Mumbai";"Maharashtra";"India";"2023-10-19";"2025-07-04";15;30586.51;"Premium";"1";53;2039.1
"N0475";"michael";"krishna";"2003-11-27";"Female";"michael.krishna@gmail.com";"7425956625";"Bangalore";"Karnataka";"India";"2022-08-01";"2026-02-27";37;36735.6;"Premium";"0";22;992.85
"N0476";"nakul";"char";"1963-08-31";"Male";"nakul.char@gmail.com";"8632419910";"Delhi";"Tamil Nadu";"India";"2021-09-16";"2026-02-02";30;119458.09;"VIP";"0";62;3981.94
"N0477";"zashil";"pingle";"1964-08-21";"Female";"zashil.pingle@gmail.com";"6223352204";"Madurai";"Tamil Nadu";"India";"2021-08-10";"2026-02-16";6;62770.45;"VIP";"1";61;10461.74
"N0478";"nitesh";"yogi";"1972-05-02";"Female";"nitesh.yogi@gmail.com";"8815412939";"Pune";"Maharashtra";"India";"2022-05-18";"2025-11-07";45;1245.91;"New";"0";54;27.69
"N0479";"waida";"sarna";"1977-01-25";"Male";"waida.sarna@gmail.com";"8025658336";"Pune";"Maharashtra";"India";"2025-01-06";"2025-08-27";40;44194.81;"VIP";"0";49;1104.87
"N0480";"ekiya";"suri";"1970-01-02";"Male";"ekiya.suri@gmail.com";"9866668129";"Delhi";"Delhi";"India";"2021-10-14";"2025-08-04";24;79423.36;"VIP";"0";56;3309.31
"N0481";"kashvi";"rout";"2006-05-02";"Female";"kashvi.rout@gmail.com";"9492024525";"Mumbai";"Maharashtra";"India";"2024-02-27";"2025-11-30";16;90079.01;"VIP";"0";20;5629.94
"N0482";"rachit";"bhagat";"1994-05-03";"Male";"rachit.bhagat@gmail.com";"6673215093";"Coimbatore";"Tamil Nadu";"India";"2024-08-23";"2025-11-30";35;48703.84;"VIP";"0";32;1391.54
"N0483";"ronith";"magar";"1993-11-20";"Female";"ronith.magar@gmail.com";"6332163338";"Bangalore";"Karnataka";"India";"2023-07-03";"2026-01-16";33;25816.25;"Premium";"1";32;782.31
"N0484";"advay";"varkey";"1982-12-04";"Male";"advay.varkey@gmail.com";"6746533909";"Mumbai";"Maharashtra";"India";"2021-07-08";"2026-05-22";6;31435.53;"Premium";"0";43;5239.26
"N0485";"xiti";"vasa";"1986-05-09";"Male";"xiti.vasa485@example.com";"7115401478";"Pune";"Maharashtra";"India";"2024-01-01";"2025-08-21";48;95342.36;"VIP";"1";40;1986.3
"N0486";"harrison";"srinivasan";"1967-03-28";"Male";"harrison.srinivasan@gmail.com";"7347124328";"Delhi";"Delhi";"India";"2021-07-27";"2026-05-04";50;50991.93;"VIP";"0";59;1019.84
"N0487";"rishi";"thakur";"1968-02-07";"Male";"rishi.thakur@gmail.com";"6605314604";"Delhi";"Delhi";"India";"2022-12-10";"2026-02-11";40;62550.11;"VIP";"0";58;1563.75
"N0488";"girindra";"nagy";"1999-08-09";"Female";"girindra.nagy@gmail.com";"8017624160";"Madurai";"Tamil Nadu";"India";"2025-01-20";"2026-02-22";49;28600.74;"Premium";"0";26;583.69
"N0489";"zayan";"soman";"1995-10-19";"Male";"zayan.soman@gmail.com";"7775764776";"Pune";"Maharashtra";"India";"2024-09-26";"2025-11-15";49;72117.97;"VIP";"1";30;1471.8
"N0490";"odika";"kanda";"1971-06-28";"Male";"odika.kanda@gmail.com";"6565095753";"Mumbai";"Maharashtra";"India";"2023-01-09";"2025-12-21";45;102223.71;"VIP";"1";54;2271.64
"N0491";"robert";"pandya";"1998-10-21";"Female";"robert.pandya@gmail.com";"6129809444";"Chennai";"Tamil Nadu";"India";"2023-07-02";"2025-08-10";40;41544.2;"Premium";"1";27;1038.61
"N0492";"ira";"babu";"1963-05-17";"Male";"ira.babu@gmail.com";"6343500864";"Coimbatore";"Tamil Nadu";"India";"2022-12-07";"2026-01-29";18;76236.81;"VIP";"1";63;4235.38
"N0493";"fitan";"oak";"1961-07-10";"Female";"fitan.oak@gmail.com";"8579688703";"Kolkata";"West Bengal";"India";"2021-09-26";"2025-06-17";4;69238.35;"VIP";"0";64;17309.59
"N0494";"aadi";"dixit";"1998-08-25";"Female";"aadi.dixit@gmail.com";"7382818251";"Kolkata";"West Bengal";"India";"2024-01-01";"2025-06-17";11;34779.95;"Premium";"1";27;3161.81
"N0495";"nidra";"bhatia";"1993-01-26";"Female";"nidra.bhatia@gmail.com";"8690935838";"Mumbai";"Maharashtra";"India";"2023-11-07";"2025-11-20";28;55833.38;"VIP";"0";33;1994.05
"N0496";"lohit";"vyas";"1963-01-20";"Male";"lohit.vyas@gmail.com";"6964322743";"Coimbatore";"Tamil Nadu";"India";"2024-02-24";"2025-07-30";22;21588.23;"Premium";"0";63;981.28
"N0497";"oliver";"roy";"1992-10-02";"Male";"oliver.roy@gmail.com";"12345";"Kolkata";"West Bengal";"India";"2024-02-11";"2024-03-12";2;4474.09;"Regular";"1";33;2237.05
"N0498";"pahal";"bawa";"1974-12-23";"Male";"pahal.bawa@gmail.com";"8906543881";"Kolkata";"West Bengal";"India";"2024-03-15";"2026-03-21";23;58266.09;"VIP";"0";51;2533.31
"N0499";"charles";"sengupta";"1967-09-12";"Male";"charles.sengupta@gmail.com";"9918433986";"Coimbatore";"Tamil Nadu";"India";"2024-12-26";"2026-05-12";31;62062.48;"VIP";"1";58;2002.02
"N0500";"upadhriti";"biswas";"1993-05-01";"Male";"upadhriti.biswas@gmail.com";"8937240859";"Bangalore";"Karnataka";"India";"2022-08-17";"2026-03-17";5;58554.01;"VIP";"0";33;11710.8
